DATE,CBBTCUSD,CBBCHUSD,CBCCIND,CBETHUSD,sp500,VIXCLS,T10YIE,DGS5,GOLDPMGBD230NLBM,SLVPRUSD,Fear&Greed
2018-02-01,9014.23,1254.86,4512.85001946,1017.48,2821.98,13.47,2.11,2.56,1078.58,17.19,30.0
2018-02-02,8787.52,1181.0,4455.29747044,911.99,2762.13,17.31,2.14,2.58,1071.18,17.135,15.0
2018-02-03,9240.0,1269.71,4655.89989817,969.4,2762.13,17.31,2.14,2.58,1071.18,17.135,40.0
2018-02-04,8167.91,1156.16,4168.79825416,826.0,2762.13,17.31,2.14,2.58,1071.18,17.135,24.0
2018-02-05,6905.19,880.0,3520.91953158,693.54,2648.94,37.32,2.1,2.5,1075.01,16.875,11.0
2018-02-06,7688.46,968.01,3834.5911523,783.83,2695.14,29.98,2.1,2.52,1079.63,16.805,8.0
2018-02-07,7575.75,955.0,3878.23963812,750.04,2681.66,27.73,2.1,2.57,1073.36,16.69,36.0
2018-02-08,8218.1,1278.0,4042.05012862,812.0,2581.0,33.46,2.09,2.57,1071.57,16.345,30.0
2018-02-09,8671.01,1299.83,4522.7993240000005,875.99,2619.55,29.06,2.05,2.52,1072.17,16.355,44.0
2018-02-10,8547.49,1239.7,4285.75777774,849.47,2619.55,29.06,2.05,2.52,1072.17,16.355,54.0
2018-02-11,8072.99,1210.0,4176.09485443,811.35,2619.55,29.06,2.05,2.52,1072.17,16.355,31.0
2018-02-12,8872.28,1279.39,4478.73801554,864.4,2656.0,25.61,2.07,2.56,1078.07,16.425,42.0
2018-02-13,8520.01,1219.82,4335.03154842,840.49,2662.94,24.97,2.05,2.54,1071.55,16.605,35.0
2018-02-14,9472.98,1355.0,4744.36238481,920.26,2698.63,19.26,2.09,2.65,1083.83,16.58,55.0
2018-02-15,10031.23,1358.72,5050.37687694,929.3,2731.2,19.13,2.11,2.65,1082.1,16.825,71.0
2018-02-16,10167.49,1533.0,5094.05663304,936.02,2732.22,19.46,2.09,2.63,1087.22,16.835,67.0
2018-02-17,11121.5,1546.35,5465.45044857,974.99,2732.22,19.46,2.09,2.63,1087.22,16.835,74.0
2018-02-18,10380.04,1452.97,5110.22772449,912.41,2732.22,19.46,2.09,2.63,1087.22,16.835,63.0
2018-02-19,11140.0,1523.14,5460.15469059,939.01,2732.22,19.46,2.09,2.63,1088.05,16.72,67.0
2018-02-20,11235.57,1386.99,5227.89269757,884.76,2716.26,20.6,2.1,2.65,1085.41,16.57,74.0
2018-02-21,10454.27,1284.73,4946.66951426,840.34,2701.33,20.02,2.12,2.69,1079.7,16.435,54.0
2018-02-22,9830.0,1210.0,4577.76119196,806.0,2703.96,18.72,2.11,2.66,1077.42,16.465,44.0
2018-02-23,10144.99,1252.01,4936.63478617,854.01,2747.3,16.49,2.12,2.62,1079.09,16.61,39.0
2018-02-24,9688.62,1178.0,4646.93948241,833.2,2747.3,16.49,2.12,2.62,1079.09,16.61,31.0
2018-02-25,9597.99,1173.02,4664.12938798,841.96,2747.3,16.49,2.12,2.62,1079.09,16.61,33.0
2018-02-26,10300.0,1245.62,4955.98986616,867.09,2779.6,15.8,2.13,2.6,1083.74,16.67,37.0
2018-02-27,10566.57,1230.01,5039.14935613,871.07,2744.28,18.59,2.13,2.67,1080.49,16.61,44.0
2018-02-28,10307.27,1195.94,4912.69397257,849.99,2713.83,19.85,2.12,2.65,1079.32,16.44,41.0
2018-03-01,10895.92,1283.33,5140.3531122,868.74,2677.67,22.47,2.1,2.58,1075.1,16.315,38.0
2018-03-02,11000.0,1275.12,5140.42146986,854.31,2691.25,19.59,2.12,2.63,1072.78,16.445,47.0
2018-03-03,11432.5,1269.24,5210.34602096,854.34,2691.25,19.59,2.12,2.63,1072.78,16.445,56.0
2018-03-04,11469.9,1280.01,5256.19911327,861.74,2691.25,19.59,2.12,2.63,1072.78,16.445,44.0
2018-03-05,11377.54,1263.0,5168.06735508,848.83,2720.94,18.73,2.13,2.65,1071.11,16.51,55.0
2018-03-06,10700.0,1206.22,4997.55325294,815.43,2728.12,18.36,2.12,2.65,1073.77,16.62,59.0
2018-03-07,9920.0,1095.3,4589.00949023,751.38,2726.8,17.76,2.13,2.65,1071.1,16.645,37.0
2018-03-08,9304.9,1032.0,4306.36640659,698.83,2738.97,16.54,2.11,2.63,1069.75,16.48,39.0
2018-03-09,9255.0,1067.18,4368.7804728,728.82,2786.57,14.64,2.12,2.65,1072.46,16.485,37.0
2018-03-10,8795.44,1003.01,3978.99043429,683.6,2786.57,14.64,2.12,2.65,1072.46,16.485,39.0
2018-03-11,9533.88,1138.05,4417.358890699999,719.8,2786.57,14.64,2.12,2.65,1072.46,16.485,40.0
2018-03-12,9120.0,1049.32,4225.99829361,696.51,2783.02,15.78,2.1,2.64,1070.89,16.455,41.0
2018-03-13,9145.41,1052.87,4222.51233496,690.39,2765.31,16.35,2.09,2.62,1068.52,16.51,41.0
2018-03-14,8207.03,947.0,3785.24546587,614.62,2749.48,17.23,2.07,2.61,1070.35,16.605,40.0
2018-03-15,8259.99,935.37,3794.83400472,610.99,2747.33,16.59,2.08,2.62,1068.32,16.52,32.0
2018-03-16,8275.0,970.51,3793.29904082,600.77,2752.01,15.8,2.08,2.65,1068.39,16.475,33.0
2018-03-17,7865.02,947.35,3572.07702964,549.79,2752.01,15.8,2.08,2.65,1068.39,16.475,31.0
2018-03-18,8192.0,931.99,3645.40924336,538.0,2752.01,15.8,2.08,2.65,1068.39,16.475,29.0
2018-03-19,8589.0,992.14,3812.64766953,555.55,2712.92,19.02,2.08,2.65,1065.14,16.285,29.0
2018-03-20,8900.0,1061.66,3933.43881244,558.0,2716.94,18.2,2.08,2.69,1067.55,16.25,37.0
2018-03-21,8891.81,1028.4,3924.92194466,559.98,2711.93,17.86,2.09,2.69,1075.71,16.245,36.0
2018-03-22,8715.09,1012.3,3832.39526076,539.89,2643.69,23.34,2.08,2.63,1080.47,16.52,36.0
2018-03-23,8927.1,1025.0,3906.91142516,543.04,2588.26,24.87,2.07,2.61,1091.42,16.53,28.0
2018-03-24,8531.34,971.51,3730.89138877,519.57,2588.26,24.87,2.07,2.61,1091.42,16.53,32.0
2018-03-25,8453.0,971.38,3715.00933915,522.55,2588.26,24.87,2.07,2.61,1091.42,16.53,30.0
2018-03-26,8145.0,914.0,3540.2265337,486.75,2658.55,21.03,2.08,2.64,1087.19,16.61,31.0
2018-03-27,7793.61,873.92,3353.15802618,449.0,2612.62,22.5,2.07,2.58,1082.42,16.64,24.0
2018-03-28,7942.72,859.08,3383.32878032,445.47,2605.0,22.87,2.05,2.59,1079.82,16.455,24.0
2018-03-29,7079.99,709.9,2974.54997483,383.29,2640.87,19.97,2.05,2.56,1074.57,16.28,18.0
2018-03-30,6848.01,696.6,2927.0524680999997,394.46,2640.87,19.97,2.05,2.56,1074.57,16.28,12.0
2018-03-31,6928.5,683.01,2944.62925718,394.54,2640.87,19.97,2.05,2.56,1074.57,16.28,16.0
2018-04-01,6816.01,641.54,2872.47088395,378.18,2640.87,19.97,2.05,2.56,1074.57,16.28,16.0
2018-04-02,7045.01,663.65,2958.35796605,384.0,2581.88,23.62,2.05,2.55,1074.57,16.28,11.0
2018-04-03,7424.9,708.5,3148.37341959,416.38,2614.45,21.1,2.08,2.6,1087.56,16.52,22.0
2018-04-04,6791.68,648.69,2872.28272519,378.43,2644.69,20.06,2.08,2.61,1087.09,16.46,22.0
2018-04-05,6785.85,641.35,2874.60923288,381.26,2662.84,18.94,2.08,2.64,1083.67,16.305,17.0
2018-04-06,6619.01,608.74,2793.5954607,370.32,2604.47,21.49,2.07,2.58,1085.33,16.275,19.0
2018-04-07,6894.01,639.4,2908.35931166,384.61,2604.47,21.49,2.07,2.58,1085.33,16.275,20.0
2018-04-08,7020.01,651.5,2975.33377002,399.9,2604.47,21.49,2.07,2.58,1085.33,16.275,17.0
2018-04-09,6771.13,637.2,2895.89742817,398.8,2613.16,21.77,2.07,2.6,1081.01,16.34,21.0
2018-04-10,6824.99,650.0,2942.47206489,415.45,2656.87,20.47,2.08,2.62,1082.81,16.49,18.0
2018-04-11,6942.99,667.87,3011.03108804,430.81,2642.19,20.24,2.11,2.62,1091.68,16.565,20.0
2018-04-12,7916.0,737.94,3425.73206185,493.41,2663.99,18.49,2.13,2.67,1089.31,16.655,18.0
2018-04-13,7893.19,741.25,3420.71039407,495.22,2656.3,17.41,2.13,2.67,1090.01,16.505,23.0
2018-04-14,8003.11,737.17,3463.48059546,502.4,2656.3,17.41,2.13,2.67,1090.01,16.505,50.0
2018-04-15,8355.25,779.86,3635.27128369,533.74,2656.3,17.41,2.13,2.67,1090.01,16.505,50.0
2018-04-16,8048.93,767.42,3503.21341888,511.28,2677.84,16.56,2.12,2.69,1089.33,16.6,50.0
2018-04-17,7892.1,757.21,3444.4241713,502.42,2706.39,15.25,2.14,2.68,1086.97,16.625,26.0
2018-04-18,8152.05,894.95,3606.18395346,525.89,2708.64,15.6,2.16,2.73,1090.89,16.945,24.0
2018-04-19,8274.0,963.81,3736.23236452,567.29,2693.13,15.96,2.17,2.77,1090.07,17.195,25.0
2018-04-20,8866.27,1122.95,4045.25965755,617.17,2670.14,16.88,2.17,2.8,1089.72,17.11,26.0
2018-04-21,8915.42,1153.58,4041.07630155,605.16,2670.14,16.88,2.17,2.8,1089.72,17.11,32.0
2018-04-22,8795.01,1201.47,4044.22686897,620.07,2670.14,16.88,2.17,2.8,1089.72,17.11,31.0
2018-04-23,8931.3,1439.27,4196.25171338,642.85,2670.29,16.34,2.18,2.83,1083.67,16.935,28.0
2018-04-24,9650.0,1409.29,4505.67322572,703.38,2634.56,18.02,2.17,2.83,1086.87,16.595,29.0
2018-04-25,8865.98,1292.01,4086.55588895,617.49,2639.4,17.84,2.17,2.84,1084.28,16.565,64.0
2018-04-26,9272.11,1423.31,4321.402583,661.0,2666.94,16.24,2.18,2.82,1086.67,16.575,47.0
2018-04-27,8922.55,1331.46,4158.98787039,642.77,2669.91,15.41,2.17,2.8,1093.81,16.53,55.0
2018-04-28,9329.99,1388.97,4363.74505205,682.0,2669.91,15.41,2.17,2.8,1093.81,16.53,54.0
2018-04-29,9389.01,1438.37,4406.14235258,687.51,2669.91,15.41,2.17,2.8,1093.81,16.53,61.0
2018-04-30,9243.82,1350.49,4305.42986541,669.81,2648.05,15.93,2.17,2.79,1087.33,16.38,59.0
2018-05-01,9072.29,1352.01,4258.49691884,670.75,2654.8,15.49,2.16,2.82,1087.9,16.25,56.0
2018-05-02,9190.48,1451.99,4348.44437637,685.02,2635.67,15.97,2.17,2.8,1089.66,16.35,52.0
2018-05-03,9725.74,1499.0,4677.57175714,775.51,2629.73,15.9,2.16,2.78,1098.59,16.465,55.0
2018-05-04,9685.0,1508.09,4688.55050598,783.01,2663.42,14.77,2.16,2.78,1097.8,16.415,56.0
2018-05-05,9800.0,1748.89,4849.46672912,812.0,2663.42,14.77,2.16,2.78,1097.8,16.415,63.0
2018-05-06,9600.0,1748.8,4739.86360557,784.33,2663.42,14.77,2.16,2.78,1097.8,16.415,67.0
2018-05-07,9356.25,1648.96,4580.69149636,752.43,2672.63,14.75,2.17,2.78,1097.8,16.415,56.0
2018-05-08,9177.81,1596.21,4501.76940057,746.99,2671.92,14.71,2.16,2.81,1103.03,16.445,62.0
2018-05-09,9300.08,1626.91,4549.42685132,750.0,2697.79,13.42,2.18,2.84,1106.26,16.44,53.0
2018-05-10,9010.51,1517.36,4382.53133212,723.51,2723.07,13.23,2.17,2.83,1106.74,16.6,63.0
2018-05-11,8403.33,1365.0,4077.1869672,678.05,2727.72,12.65,2.15,2.84,1106.76,16.76,41.0
2018-05-12,8475.0,1459.99,4142.172654,684.66,2727.72,12.65,2.15,2.84,1106.76,16.76,44.0
2018-05-13,8686.1,1481.47,4286.85927149,729.29,2727.72,12.65,2.15,2.84,1106.76,16.76,40.0
2018-05-14,8670.0,1414.01,4262.04779977,726.9,2730.13,12.93,2.15,2.85,1101.28,16.645,40.0
2018-05-15,8477.46,1341.62,4144.20429285,706.08,2711.45,14.63,2.18,2.92,1094.15,16.41,40.0
2018-05-16,8344.0,1280.58,4090.71598729,707.45,2722.46,13.42,2.17,2.94,1094.72,16.255,32.0
2018-05-17,8059.0,1194.93,3912.80862364,668.56,2720.13,13.43,2.16,2.94,1093.37,16.385,31.0
2018-05-18,8238.51,1204.25,4014.75255872,694.5,2712.97,13.42,2.15,2.9,1096.21,16.39,37.0
2018-05-19,8235.6,1177.39,4007.93520575,695.96,2712.97,13.42,2.15,2.9,1096.21,16.39,31.0
2018-05-20,8516.86,1289.76,4156.42489776,714.0,2712.97,13.42,2.15,2.9,1096.21,16.39,32.0
2018-05-21,8393.44,1229.87,4070.33838899,696.77,2733.01,13.08,2.16,2.9,1095.1,16.34,41.0
2018-05-22,7987.7,1134.14,3825.98053518,640.5,2724.44,13.22,2.15,2.9,1097.02,16.58,30.0
2018-05-23,7505.0,997.01,3532.65138414,577.2,2733.29,12.58,2.14,2.83,1100.42,16.53,26.0
2018-05-24,7584.15,1075.64,3625.42172848,602.64,2727.76,12.53,2.12,2.82,1112.52,16.51,27.0
2018-05-25,7459.11,1013.0,3536.75713601,584.02,2721.33,13.22,2.09,2.76,1118.27,16.67,25.0
2018-05-26,7337.95,1005.09,3501.04614742,584.99,2721.33,13.22,2.09,2.76,1118.27,16.67,23.0
2018-05-27,7346.64,995.51,3476.84564694,570.75,2721.33,13.22,2.09,2.76,1118.27,16.67,19.0
2018-05-28,7107.94,883.0,3269.70536678,511.33,2721.33,13.22,2.09,2.76,1118.27,16.67,22.0
2018-05-29,7460.0,988.42,3503.14681972,566.66,2689.86,17.02,2.04,2.58,1118.66,16.475,16.0
2018-05-30,7380.01,982.45,3460.7665698,557.22,2724.01,14.94,2.06,2.67,1119.77,16.37,38.0
2018-05-31,7485.0,995.0,3529.77641158,577.1,2705.27,15.43,2.07,2.68,1118.68,16.55,25.0
2018-06-01,7514.32,1001.38,3545.06443806,578.89,2734.62,13.46,2.09,2.74,1109.21,16.42,24.0
2018-06-02,7636.42,1083.98,3627.79560064,590.46,2734.62,13.46,2.09,2.74,1109.21,16.42,27.0
2018-06-03,7706.37,1167.5,3721.44018157,618.63,2734.62,13.46,2.09,2.74,1109.21,16.42,40.0
2018-06-04,7487.37,1097.41,3587.94235734,591.5,2746.87,12.74,2.12,2.78,1105.41,16.44,41.0
2018-06-05,7612.51,1147.99,3668.28114361,607.6,2748.8,12.4,2.13,2.76,1107.8,16.385,26.0
2018-06-06,7655.0,1127.25,3672.15793188,606.18,2772.35,11.64,2.14,2.81,1103.26,16.545,42.0
2018-06-07,7684.93,1143.5,3681.83551424,603.56,2770.37,12.13,2.13,2.77,1097.86,16.745,38.0
2018-06-08,7618.83,1115.22,3645.17061542,598.59,2779.03,12.18,2.11,2.77,1104.16,16.72,40.0
2018-06-09,7496.4,1084.99,3590.36727613,593.4,2779.03,12.18,2.11,2.77,1104.16,16.72,39.0
2018-06-10,6770.31,940.0,3214.30809781,525.25,2779.03,12.18,2.11,2.77,1104.16,16.72,24.0
2018-06-11,6881.0,956.14,3262.68724699,531.68,2782.0,12.35,2.13,2.8,1100.89,16.76,15.0
2018-06-12,6544.99,871.0,3071.14808392,494.14,2786.85,12.34,2.13,2.81,1101.9,16.855,19.0
2018-06-13,6302.32,842.99,2956.70538554,476.02,2775.63,12.94,2.12,2.85,1101.34,16.905,19.0
2018-06-14,6638.49,897.02,3150.67315259,519.75,2782.49,12.12,2.12,2.81,1118.02,17.125,17.0
2018-06-15,6391.22,842.84,3004.11191249,487.45,2779.66,11.98,2.12,2.81,1107.76,17.225,26.0
2018-06-16,6484.29,850.1,3051.31475305,497.31,2779.66,11.98,2.12,2.81,1107.76,17.225,22.0
2018-06-17,6447.16,846.71,3037.03585652,496.5,2779.66,11.98,2.12,2.81,1107.76,17.225,23.0
2018-06-18,6709.02,883.64,3162.71814519,517.47,2773.75,12.31,2.12,2.8,1104.06,16.605,27.0
2018-06-19,6736.41,907.5,3213.51051752,538.5,2762.59,13.35,2.12,2.77,1104.12,16.355,32.0
2018-06-20,6756.1,890.88,3210.76886096,535.99,2767.32,12.79,2.12,2.8,1099.89,16.285,34.0
2018-06-21,6719.01,871.43,3175.12578547,525.49,2749.76,14.64,2.11,2.77,1092.56,16.245,37.0
2018-06-22,6059.82,752.2,2831.95476682,462.01,2754.88,13.77,2.12,2.77,1089.31,16.425,28.0
2018-06-23,6178.29,763.0,2890.23170779,475.17,2754.88,13.77,2.12,2.77,1089.31,16.425,17.0
2018-06-24,6149.99,746.8,2840.78203519,454.79,2754.88,13.77,2.12,2.77,1089.31,16.425,15.0
2018-06-25,6246.01,755.39,2878.56845165,458.41,2717.07,17.33,2.1,2.75,1085.88,16.375,16.0
2018-06-26,6074.0,694.69,2756.31089268,429.08,2723.06,15.92,2.12,2.75,1080.33,16.225,21.0
2018-06-27,6132.17,713.05,2804.43453329,441.41,2699.63,17.91,2.11,2.71,1081.34,16.21,18.0
2018-06-28,5851.66,659.65,2665.73183042,420.0,2716.31,16.85,2.1,2.73,1081.34,16.11,20.0
2018-06-29,6202.36,716.4,2813.20623738,434.6,2718.37,16.09,2.11,2.73,1074.14,16.03,16.0
2018-06-30,6383.19,748.15,2908.74809033,453.29,2718.37,16.09,2.11,2.73,1074.14,16.03,22.0
2018-07-01,6349.5,735.74,2891.56805317,451.43,2718.37,16.09,2.11,2.73,1074.14,16.03,27.0
2018-07-02,6611.79,780.99,3028.53349252,476.34,2726.71,15.6,2.14,2.75,1075.1,15.98,27.0
2018-07-03,6502.62,756.28,2964.94445651,461.75,2713.22,16.14,2.12,2.72,1074.0,15.93,31.0
2018-07-04,6587.47,763.64,3001.16332612,466.9,2713.22,16.14,2.12,2.72,1078.35,16.045,33.0
2018-07-05,6532.95,742.83,2978.30646116,467.25,2736.61,14.97,2.13,2.74,1073.08,15.95,37.0
2018-07-06,6600.0,731.04,2997.84355271,469.3,2759.82,13.37,2.12,2.71,1067.68,15.995,34.0
2018-07-07,6753.28,768.99,3081.08122144,484.48,2759.82,13.37,2.12,2.71,1067.68,15.995,34.0
2018-07-08,6701.97,748.99,3061.15831005,486.08,2759.82,13.37,2.12,2.71,1067.68,15.995,38.0
2018-07-09,6664.01,730.0,3018.8196925,471.6,2784.17,12.69,2.13,2.75,1072.87,16.205,39.0
2018-07-10,6303.7,687.33,2831.92881204,432.59,2793.84,12.64,2.13,2.77,1071.17,15.93,37.0
2018-07-11,6390.04,707.51,2888.67670691,446.25,2774.02,13.63,2.11,2.74,1065.57,15.915,29.0
2018-07-12,6249.75,687.99,2816.32179035,431.46,2798.29,12.58,2.1,2.75,1067.49,15.84,33.0
2018-07-13,6216.29,694.7,2810.96265975,432.8,2801.31,12.18,2.11,2.73,1065.88,15.81,29.0
2018-07-14,6248.65,700.59,2824.20293568,434.13,2801.31,12.18,2.11,2.73,1065.88,15.81,29.0
2018-07-15,6348.73,723.36,2888.37876918,449.41,2801.31,12.18,2.11,2.73,1065.88,15.81,32.0
2018-07-16,6728.81,799.74,3074.78382526,478.18,2798.43,12.83,2.1,2.75,1059.03,15.81,36.0
2018-07-17,7315.01,851.54,3300.73397813,499.01,2809.55,12.06,2.09,2.76,1054.29,15.77,39.0
2018-07-18,7378.99,825.81,3275.27231871,478.81,2815.62,12.1,2.09,2.77,1052.34,15.44,42.0
2018-07-19,7470.01,823.49,3283.58017854,468.39,2804.49,12.87,2.09,2.74,1049.53,15.26,44.0
2018-07-20,7334.46,763.0,3188.52869918,448.21,2801.83,12.86,2.11,2.77,1049.11,15.37,47.0
2018-07-21,7408.0,786.62,3241.46331798,461.5,2801.83,12.86,2.11,2.77,1049.11,15.37,43.0
2018-07-22,7397.8,785.22,3229.51495044,456.9,2801.83,12.86,2.11,2.77,1049.11,15.37,46.0
2018-07-23,7720.09,781.81,3308.23486276,449.0,2806.98,12.62,2.11,2.83,1046.6,15.485,44.0
2018-07-24,8385.5,863.53,3583.34004134,478.79,2820.4,12.41,2.11,2.83,1049.26,15.51,49.0
2018-07-25,8157.15,830.26,3491.81226066,470.81,2846.07,12.29,2.13,2.82,1052.81,15.565,54.0
2018-07-26,7931.99,804.0,3400.58716126,461.42,2837.44,12.14,2.11,2.86,1051.5,15.535,53.0
2018-07-27,8184.21,819.86,3493.26225484,469.3,2818.82,13.03,2.12,2.84,1050.27,15.355,47.0
2018-07-28,8228.9,822.89,3505.03383734,468.12,2818.82,13.03,2.12,2.84,1050.27,15.355,54.0
2018-07-29,8216.34,829.99,3500.30919898,466.01,2818.82,13.03,2.12,2.84,1050.27,15.355,54.0
2018-07-30,8170.01,814.23,3464.77107058,456.46,2802.6,14.26,2.13,2.85,1045.37,15.49,53.0
2018-07-31,7727.27,776.28,3281.39431784,432.35,2816.29,12.83,2.12,2.85,1043.3,15.43,48.0
2018-08-01,7603.99,767.44,3220.53680437,419.6,2813.36,13.15,2.13,2.87,1043.46,15.475,39.0
2018-08-02,7533.92,730.56,3173.35115503,410.71,2827.22,12.19,2.12,2.85,1045.89,15.45,39.0
2018-08-03,7414.08,724.99,3150.83894491,417.8,2840.35,11.64,2.12,2.82,1050.4,15.36,36.0
2018-08-04,7005.0,695.76,3001.20831252,407.0,2840.35,11.64,2.12,2.82,1050.4,15.36,31.0
2018-08-05,7030.01,709.38,3017.54726982,408.83,2840.35,11.64,2.12,2.82,1050.4,15.36,23.0
2018-08-06,6938.0,690.79,2978.20046276,404.99,2850.4,11.27,2.11,2.8,1047.44,15.345,25.0
2018-08-07,6718.22,657.41,2853.05119276,378.08,2858.45,10.93,2.13,2.84,1045.05,15.465,25.0
2018-08-08,6282.5,588.76,2663.7430563000003,355.7,2857.7,10.85,2.11,2.83,1043.72,15.345,23.0
2018-08-09,6546.45,609.52,2761.73503982,363.99,2853.58,11.27,2.11,2.8,1047.62,15.48,19.0
2018-08-10,6146.01,570.58,2574.27229182,330.99,2833.28,13.16,2.09,2.75,1062.6,15.375,21.0
2018-08-11,6235.56,563.31,2575.33661973,318.02,2833.28,13.16,2.09,2.75,1062.6,15.375,18.0
2018-08-12,6316.01,571.48,2600.64098613,318.15,2833.28,13.16,2.09,2.75,1062.6,15.375,18.0
2018-08-13,6253.67,531.54,2509.04162241,284.11,2821.93,14.78,2.1,2.75,1050.55,15.185,21.0
2018-08-14,6195.01,510.98,2476.06398327,279.4,2839.96,13.31,2.09,2.77,1051.68,15.035,16.0
2018-08-15,6269.01,511.12,2503.22635086,281.21,2818.37,14.64,2.08,2.73,1045.72,14.825,18.0
2018-08-16,6315.9,516.3,2530.13970373,286.67,2840.69,13.45,2.08,2.75,1035.33,14.605,21.0
2018-08-17,6585.49,604.22,2693.51681089,317.54,2850.13,12.64,2.08,2.75,1032.51,14.66,19.0
2018-08-18,6396.64,556.76,2583.36585702,296.61,2850.13,12.64,2.08,2.75,1032.51,14.66,24.0
2018-08-19,6489.53,571.01,2620.95371455,300.03,2850.13,12.64,2.08,2.75,1032.51,14.66,27.0
2018-08-20,6258.74,512.89,2482.36574342,270.76,2857.05,12.49,2.07,2.7,1036.31,14.755,26.0
2018-08-21,6475.89,536.0,2573.67875475,281.49,2862.96,12.86,2.08,2.73,1033.63,14.785,19.0
2018-08-22,6359.99,518.39,2514.75497058,270.47,2861.82,12.25,2.08,2.7,1031.51,14.81,21.0
2018-08-23,6526.36,529.46,2577.91820921,275.87,2856.98,12.41,2.09,2.72,1029.24,14.625,18.0
2018-08-24,6690.88,533.88,2636.90435521,281.35,2874.69,11.99,2.09,2.72,1030.86,14.62,19.0
2018-08-25,6737.52,536.51,2645.69656944,277.97,2874.69,11.99,2.09,2.72,1030.86,14.62,22.0
2018-08-26,6709.98,523.91,2627.17822539,274.25,2874.69,11.99,2.09,2.72,1030.86,14.62,19.0
2018-08-27,6911.9,549.27,2720.27703509,287.99,2896.74,12.16,2.11,2.74,1030.86,14.62,18.0
2018-08-28,7071.01,565.01,2786.9651428,295.39,2897.52,12.5,2.11,2.77,1033.93,14.9,19.0
2018-08-29,7030.9,554.2,2759.75544838,289.0,2914.04,12.25,2.12,2.78,1029.59,14.69,19.0
2018-08-30,6983.0,539.35,2732.8693671,284.52,2901.13,13.53,2.1,2.75,1026.8,14.665,22.0
2018-08-31,7015.01,542.57,2740.68840237,281.94,2901.52,12.86,2.08,2.74,1033.27,14.655,17.0
2018-09-01,7191.08,615.32,2839.38392777,294.64,2901.52,12.86,2.08,2.74,1033.27,14.655,21.0
2018-09-02,7295.0,651.98,2881.09337336,295.06,2901.52,12.86,2.08,2.74,1033.27,14.655,18.0
2018-09-03,7256.98,627.55,2852.92256096,288.6,2901.52,12.86,2.08,2.74,1033.72,14.525,19.0
2018-09-04,7360.0,625.51,2879.0762871999996,285.43,2896.72,13.16,2.1,2.78,1032.59,14.25,26.0
2018-09-05,6687.96,527.28,2545.12297778,227.56,2888.6,13.91,2.09,2.77,1029.64,14.17,17.0
2018-09-06,6495.0,518.5,2489.99255437,229.03,2878.05,14.65,2.08,2.76,1035.71,14.265,14.0
2018-09-07,6395.01,497.27,2429.1047459,215.21,2871.68,14.88,2.1,2.82,1035.25,14.185,17.0
2018-09-08,6188.0,474.51,2328.78255161,197.0,2871.68,14.88,2.1,2.82,1035.25,14.185,18.0
2018-09-09,6235.01,479.34,2344.06921699,195.91,2871.68,14.88,2.1,2.82,1035.25,14.185,13.0
2018-09-10,6300.0,466.58,2360.92662204,196.94,2877.13,14.16,2.1,2.83,1031.71,14.215,15.0
2018-09-11,6282.53,439.99,2325.95334313,185.15,2887.89,13.22,2.12,2.87,1027.44,14.125,18.0
2018-09-12,6326.0,430.81,2330.80617335,182.79,2888.92,13.14,2.12,2.87,1030.37,14.155,14.0
2018-09-13,6485.99,464.03,2439.38563857,211.39,2904.18,12.37,2.1,2.87,1034.74,14.225,20.0
2018-09-14,6478.04,448.0,2431.72076456,210.0,2904.98,12.07,2.1,2.9,1030.07,14.215,23.0
2018-09-15,6518.68,449.0,2464.58514615,221.69,2904.98,12.07,2.1,2.9,1030.07,14.215,24.0
2018-09-16,6498.0,450.43,2457.04088242,220.19,2904.98,12.07,2.1,2.9,1030.07,14.215,28.0
2018-09-17,6250.7,417.62,2328.84830522,195.97,2888.8,13.68,2.1,2.89,1027.86,14.17,25.0
2018-09-18,6335.7,432.39,2381.7588981,208.5,2904.31,12.79,2.13,2.94,1026.17,14.21,21.0
2018-09-19,6386.94,429.85,2398.93251378,209.81,2907.95,11.75,2.15,2.96,1031.83,14.185,24.0
2018-09-20,6493.11,456.21,2465.32240071,224.41,2930.75,11.8,2.15,2.96,1027.22,14.23,24.0
2018-09-21,6750.0,501.7,2598.05088799,247.76,2929.67,11.68,2.15,2.95,1020.45,14.33,31.0
2018-09-22,6707.33,484.32,2568.23499505,240.71,2929.67,11.68,2.15,2.95,1020.45,14.33,35.0
2018-09-23,6696.99,489.21,2574.25152047,244.35,2929.67,11.68,2.15,2.95,1020.45,14.33,38.0
2018-09-24,6582.09,461.99,2501.33005637,228.01,2919.37,12.2,2.16,2.96,1019.57,14.315,43.0
2018-09-25,6436.89,446.47,2439.84015771,219.19,2915.56,12.42,2.16,2.99,1019.93,14.29,37.0
2018-09-26,6455.66,513.9,2455.97375141,214.15,2905.97,12.89,2.14,2.96,1017.74,14.475,37.0
2018-09-27,6680.01,565.84,2568.11707331,229.0,2914.0,12.41,2.15,2.96,1013.99,14.42,42.0
2018-09-28,6620.01,538.39,2527.21418212,220.67,2913.98,12.12,2.14,2.94,1025.07,14.305,42.0
2018-09-29,6581.0,536.96,2533.48679789,231.01,2913.98,12.12,2.14,2.94,1025.07,14.305,37.0
2018-09-30,6605.0,529.77,2540.31697754,232.27,2913.98,12.12,2.14,2.94,1025.07,14.305,34.0
2018-10-01,6572.83,531.17,2527.60227741,230.4,2924.59,12.0,2.14,2.96,1024.51,14.55,35.0
2018-10-02,6498.46,530.37,2495.47902641,224.85,2923.43,12.05,2.12,2.94,1043.75,14.505,33.0
2018-10-03,6466.03,514.62,2469.85910372,219.01,2925.51,11.61,2.16,3.02,1041.8,14.735,36.0
2018-10-04,6547.45,511.92,2496.9881079,221.0,2901.61,14.22,2.16,3.05,1044.23,14.63,29.0
2018-10-05,6593.94,517.95,2523.08751516,226.89,2885.57,14.82,2.16,3.07,1043.45,14.635,37.0
2018-10-06,6552.43,507.35,2502.09474751,223.85,2885.57,14.82,2.16,3.07,1043.45,14.635,34.0
2018-10-07,6570.0,517.14,2512.13285792,224.82,2885.57,14.82,2.16,3.07,1043.45,14.635,29.0
2018-10-08,6608.07,525.99,2532.24745217,227.68,2884.43,15.69,2.16,3.07,1034.43,14.465,26.0
2018-10-09,6589.48,516.24,2520.82077904,226.15,2880.34,15.95,2.17,3.05,1035.58,14.325,31.0
2018-10-10,6524.56,509.79,2495.05133709,223.61,2785.68,22.96,2.16,3.05,1031.59,14.375,28.0
2018-10-11,6154.69,428.65,2294.4285001999997,188.32,2728.37,24.98,2.12,3.0,1042.68,14.4,19.0
2018-10-12,6188.01,437.54,2319.93122035,194.1,2767.13,21.31,2.12,3.0,1056.55,14.6,13.0
2018-10-13,6196.0,443.75,2328.85771354,196.72,2767.13,21.31,2.12,3.0,1056.55,14.6,15.0
2018-10-14,6183.49,432.42,2311.89348429,191.87,2767.13,21.31,2.12,3.0,1056.55,14.6,18.0
2018-10-15,6440.42,447.92,2415.46137562,204.53,2750.79,21.3,2.13,3.01,1061.57,14.74,20.0
2018-10-16,6457.11,449.26,2422.71895546,205.43,2809.92,17.62,2.13,3.02,1060.99,14.755,24.0
2018-10-17,6443.7,440.98,2413.88220919,203.21,2809.21,17.4,2.13,3.04,1065.09,14.65,23.0
2018-10-18,6394.96,431.66,2388.20135683,199.2,2768.78,20.06,2.1,3.03,1064.13,14.515,26.0
2018-10-19,6382.99,436.27,2389.5214914000003,200.0,2767.78,19.89,2.11,3.05,1068.84,14.61,24.0
2018-10-20,6414.0,443.74,2405.40870136,202.69,2767.78,19.89,2.11,3.05,1068.84,14.61,21.0
2018-10-21,6415.88,443.47,2404.33887543,202.12,2767.78,19.89,2.11,3.05,1068.84,14.61,21.0
2018-10-22,6407.65,445.16,2402.09588532,201.25,2755.88,19.64,2.11,3.05,1064.75,14.63,27.0
2018-10-23,6395.14,438.22,2396.1503798,201.12,2740.69,20.71,2.09,3.01,1077.87,14.63,24.0
2018-10-24,6415.98,437.74,2400.61221022,200.68,2656.1,25.23,2.07,2.94,1079.44,14.745,23.0
2018-10-25,6395.58,436.72,2392.39928183,199.65,2705.57,24.22,2.05,2.98,1081.5,14.74,25.0
2018-10-26,6404.87,435.1,2396.01802952,200.7,2658.69,24.16,2.06,2.91,1086.16,14.69,29.0
2018-10-27,6409.12,434.47,2398.30318777,201.46,2658.69,24.16,2.06,2.91,1086.16,14.69,33.0
2018-10-28,6403.62,436.22,2399.73974731,202.43,2658.69,24.16,2.06,2.91,1086.16,14.69,35.0
2018-10-29,6266.0,413.53,2335.11390566,194.31,2641.25,24.7,2.06,2.91,1081.38,14.65,34.0
2018-10-30,6267.63,419.2,2339.74568516,195.35,2682.63,23.35,2.05,2.94,1077.74,14.425,31.0
2018-10-31,6304.18,422.67,2354.90019613,196.95,2711.74,21.23,2.05,2.98,1073.17,14.34,32.0
2018-11-01,6344.0,422.51,2369.78763455,197.96,2740.37,19.34,2.02,2.96,1079.35,14.45,29.0
2018-11-02,6349.8,459.65,2386.58188568,199.75,2723.06,19.51,2.06,3.04,1079.07,14.82,36.0
2018-11-03,6331.96,476.78,2383.78517509,198.35,2723.06,19.51,2.06,3.04,1079.07,14.82,36.0
2018-11-04,6423.28,565.43,2464.22711411,210.06,2723.06,19.51,2.06,3.04,1079.07,14.82,41.0
2018-11-05,6404.0,557.3,2449.02935464,208.53,2738.31,19.96,2.06,3.03,1081.3,14.735,42.0
2018-11-06,6448.5,628.01,2513.66791857,218.65,2755.45,19.91,2.07,3.05,1078.64,14.7,42.0
2018-11-07,6503.12,614.34,2509.20942402,216.84,2813.89,16.36,2.07,3.07,1071.41,14.67,48.0
2018-11-08,6406.24,571.8,2458.75591317,210.34,2806.83,16.72,2.07,3.09,1070.52,14.49,51.0
2018-11-09,6334.89,539.07,2421.65581825,208.01,2781.01,17.36,2.04,3.05,1067.36,14.34,47.0
2018-11-10,6347.42,552.94,2434.43868457,210.29,2781.01,17.36,2.04,3.05,1067.36,14.34,52.0
2018-11-11,6357.6,528.21,2431.84819166,209.88,2781.01,17.36,2.04,3.05,1067.36,14.34,54.0
2018-11-12,6327.87,509.31,2403.85679727,208.77,2726.22,20.45,2.04,3.05,1069.93,14.16,52.0
2018-11-13,6259.34,502.99,2375.8655544,203.2,2722.18,20.02,2.02,2.99,1066.74,14.02,56.0
2018-11-14,5605.46,427.47,2106.29468865,177.79,2701.58,21.25,2.0,2.95,1061.75,13.97,49.0
2018-11-15,5579.52,427.47,2092.71450363,178.89,2730.2,19.98,2.0,2.94,1072.0,14.13,28.0
2018-11-16,5512.24,427.47,2063.76290571,172.4,2736.27,18.14,2.02,2.9,1071.92,14.285,23.0
2018-11-17,5504.17,427.47,2075.68614456,172.49,2736.27,18.14,2.02,2.9,1071.92,14.285,24.0
2018-11-18,5560.0,427.47,2084.12889438,175.87,2736.27,18.14,2.02,2.9,1071.92,14.285,26.0
2018-11-19,4733.5,427.47,1817.83907382,145.21,2690.73,20.1,1.99,2.87,1068.9,14.36,28.0
2018-11-20,4349.23,231.99,1578.69965075,127.55,2641.89,22.48,1.97,2.88,1073.92,14.44,21.0
2018-11-21,4545.11,255.86,1660.06808834,134.73,2649.93,20.8,1.97,2.89,1075.9,14.42,15.0
2018-11-22,4265.36,227.0,1563.52548912,123.25,2649.93,20.8,1.97,2.89,1076.12,14.52,14.0
2018-11-23,4283.8,205.01,1578.70212337,121.44,2632.56,21.52,1.96,2.88,1078.4,14.255,12.0
2018-11-24,3774.99,173.94,1372.27355157,110.16,2632.56,21.52,1.96,2.88,1078.4,14.255,15.0
2018-11-25,3936.69,179.6,1450.39847163,114.3,2632.56,21.52,1.96,2.88,1078.4,14.255,9.0
2018-11-26,3731.32,177.6,1356.50144541,106.95,2673.45,18.9,1.96,2.9,1077.57,14.38,17.0
2018-11-27,3775.0,176.24,1380.8364540999999,108.7,2682.17,19.02,1.91,2.89,1080.76,14.275,11.0
2018-11-28,4225.03,189.46,1533.5851739,121.94,2743.79,18.49,1.94,2.87,1075.79,14.15,14.0
2018-11-29,4248.0,178.77,1511.31861244,116.38,2737.76,18.79,1.98,2.85,1077.87,14.265,18.0
2018-11-30,3976.0,170.39,1437.24671669,111.65,2760.17,18.07,1.97,2.84,1074.0,14.235,19.0
2018-12-01,4142.01,170.84,1506.96475156,116.82,2760.17,18.07,1.97,2.84,1074.0,14.235,13.0
2018-12-02,4103.19,169.36,1472.27376667,114.76,2760.17,18.07,1.97,2.84,1074.0,14.235,15.0
2018-12-03,3833.47,157.14,1388.53437147,107.21,2790.37,16.44,1.96,2.83,1085.25,14.385,17.0
2018-12-04,3901.84,146.67,1403.93444221,108.61,2700.06,20.74,1.94,2.79,1089.36,14.545,12.0
2018-12-05,3694.39,127.67,1332.05312951,100.76,2700.06,20.74,1.94,2.79,1091.18,14.48,19.0
2018-12-06,3433.26,104.75,1171.38282688,89.09,2695.95,21.19,1.9,2.75,1090.46,14.38,13.0
2018-12-07,3380.01,104.52,1239.36359174,92.45,2633.08,23.23,1.89,2.7,1091.99,14.485,11.0
2018-12-08,3401.0,99.61,1201.54444103,89.99,2633.08,23.23,1.89,2.7,1091.99,14.485,11.0
2018-12-09,3531.18,106.24,1257.71259603,92.79,2633.08,23.23,1.89,2.7,1091.99,14.485,14.0
2018-12-10,3410.15,101.57,1198.18988331,89.23,2637.72,22.64,1.86,2.71,1091.92,14.53,19.0
2018-12-11,3349.36,95.57,1174.17507512,86.96,2636.78,21.76,1.83,2.75,1098.35,14.64,15.0
2018-12-12,3430.24,96.74,1204.25292795,89.09,2651.07,21.46,1.83,2.77,1096.26,14.655,14.0
2018-12-13,3265.0,86.69,1150.25894716,85.35,2650.54,20.65,1.83,2.75,1095.48,14.68,14.0
2018-12-14,3195.71,79.4,1128.95126475,83.0,2599.95,21.63,1.82,2.73,1094.64,14.58,10.0
2018-12-15,3183.0,76.23,1121.3614382,83.03,2599.95,21.63,1.82,2.73,1094.64,14.58,11.0
2018-12-16,3195.0,78.68,1134.34382505,83.74,2599.95,21.63,1.82,2.73,1094.64,14.58,13.0
2018-12-17,3496.82,88.02,1237.51734573,93.79,2545.94,24.52,1.81,2.69,1094.89,14.6,17.0
2018-12-18,3667.77,103.99,1306.67137245,101.0,2546.16,25.58,1.81,2.65,1096.49,14.655,23.0
2018-12-19,3682.51,126.35,1326.14396666,99.34,2506.96,25.58,1.8,2.62,1098.13,14.645,21.0
2018-12-20,4075.34,191.4,1477.58124755,114.52,2467.42,28.38,1.76,2.65,1100.77,14.77,27.0
2018-12-21,3839.06,191.75,1397.56608253,107.74,2416.62,30.11,1.77,2.64,1103.4,14.69,35.0
2018-12-22,3980.46,195.99,1466.61397775,116.09,2416.62,30.11,1.77,2.64,1103.4,14.69,28.0
2018-12-23,3944.93,195.95,1567.48144691,129.61,2416.62,30.11,1.77,2.64,1103.4,14.69,31.0
2018-12-24,4034.0,180.31,1418.6837577,139.09,2351.1,36.07,1.75,2.58,1103.4,14.675,25.0
2018-12-25,3780.0,170.37,1411.62117436,128.82,2351.1,36.07,1.75,2.58,1103.4,14.675,33.0
2018-12-26,3809.88,173.65,1423.39223947,130.47,2467.7,30.41,1.77,2.67,1103.4,14.675,26.0
2018-12-27,3589.89,147.38,1324.75015797,114.63,2488.83,29.96,1.74,2.6,1109.88,15.055,29.0
2018-12-28,3888.06,172.1,1460.35761817,136.82,2485.74,28.34,1.73,2.56,1116.69,15.295,21.0
2018-12-29,3729.31,160.49,1397.69213912,134.15,2485.74,28.34,1.73,2.56,1116.69,15.295,24.0
2018-12-30,3829.0,161.8,1435.3267652000002,138.78,2485.74,28.34,1.73,2.56,1116.69,15.295,23.0
2018-12-31,3691.86,147.64,1381.41307451,130.53,2506.85,25.42,1.71,2.51,1116.69,15.295,26.0
2019-01-01,3826.1,163.66,1433.85222334,139.75,2506.85,25.42,1.71,2.51,1116.69,15.295,24.0
2019-01-02,3890.79,170.0,1474.11479424,153.5,2510.03,23.22,1.7,2.49,1129.21,15.44,30.0
2019-01-03,3787.57,159.88,1433.57481087,147.23,2447.89,25.45,1.68,2.37,1132.24,15.535,33.0
2019-01-04,3820.25,159.39,1482.2040307,153.24,2531.94,21.38,1.76,2.49,1127.34,15.705,48.0
2019-01-05,3798.62,158.41,1461.63029424,154.21,2531.94,21.38,1.76,2.49,1127.34,15.705,36.0
2019-01-06,4040.99,164.7,1543.59302738,155.92,2531.94,21.38,1.76,2.49,1127.34,15.705,31.0
2019-01-07,4006.01,159.71,1521.53757094,150.62,2549.69,21.4,1.78,2.53,1126.93,15.75,39.0
2019-01-08,3993.86,159.79,1510.31855568,148.97,2574.41,20.47,1.82,2.58,1124.36,15.64,39.0
2019-01-09,4004.12,158.7,1524.30530051,149.5,2584.96,19.98,1.83,2.57,1118.12,15.62,42.0
2019-01-10,3626.12,133.11,1362.34919052,126.41,2596.64,19.5,1.81,2.56,1120.85,15.705,37.0
2019-01-11,3635.69,129.28,1352.81252614,125.83,2596.26,18.19,1.83,2.52,1123.96,15.68,19.0
2019-01-12,3619.41,133.02,1342.43892897,124.59,2596.26,18.19,1.83,2.52,1123.96,15.68,22.0
2019-01-13,3514.24,124.66,1297.40805867,115.58,2596.26,18.19,1.83,2.52,1123.96,15.68,21.0
2019-01-14,3664.19,132.33,1369.82992397,128.37,2582.61,19.07,1.81,2.53,1127.41,15.615,16.0
2019-01-15,3580.76,126.38,1325.86816505,120.0,2610.3,18.6,1.81,2.53,1130.53,15.6,27.0
2019-01-16,3609.71,127.57,1334.95857916,122.12,2616.1,19.04,1.82,2.54,1133.86,15.54,24.0
2019-01-17,3640.65,129.76,1344.52883972,122.55,2635.96,18.06,1.79,2.58,1133.49,15.575,28.0
2019-01-18,3607.85,126.74,1332.27316603,119.53,2670.71,17.8,1.83,2.62,1128.94,15.47,29.0
2019-01-19,3682.65,128.53,1364.55423163,123.17,2670.71,17.8,1.83,2.62,1128.94,15.47,31.0
2019-01-20,3536.19,121.85,1306.80424554,117.43,2670.71,17.8,1.83,2.62,1128.94,15.47,35.0
2019-01-21,3531.76,121.53,1305.54520575,115.86,2670.71,17.8,1.83,2.62,1125.75,15.26,30.0
2019-01-22,3577.03,127.34,1324.04605192,118.08,2632.9,20.8,1.79,2.57,1129.02,15.26,27.0
2019-01-23,3553.01,131.28,1315.28841595,116.55,2638.7,19.52,1.8,2.59,1125.84,15.385,33.0
2019-01-24,3568.97,128.22,1319.53578385,116.4,2642.33,18.89,1.77,2.55,1128.12,15.3,37.0
2019-01-25,3562.17,126.5,1312.8099915,114.95,2664.76,17.42,1.79,2.59,1137.08,15.375,35.0
2019-01-26,3556.07,125.21,1311.85486052,115.01,2664.76,17.42,1.79,2.59,1137.08,15.375,41.0
2019-01-27,3531.02,120.67,1295.1002840999997,111.35,2664.76,17.42,1.79,2.59,1137.08,15.375,39.0
2019-01-28,3429.95,111.05,1251.0173025999998,105.47,2643.85,18.87,1.78,2.58,1139.51,15.685,35.0
2019-01-29,3397.42,109.01,1232.17482123,104.02,2640.0,19.13,1.78,2.55,1144.37,15.855,21.0
2019-01-30,3437.55,116.2,1272.07206254,107.61,2681.05,17.66,1.84,2.49,1148.3,15.915,22.0
2019-01-31,3411.5,112.95,1246.64554836,105.79,2704.1,16.57,1.85,2.43,1152.68,16.075,17.0
2019-02-01,3437.5,114.45,1255.83493528,105.88,2706.53,16.14,1.88,2.51,1150.83,16.01,23.0
2019-02-02,3468.43,119.84,1271.46321426,109.3,2706.53,16.14,1.88,2.51,1150.83,16.01,22.0
2019-02-03,3414.78,117.34,1253.20274408,105.94,2706.53,16.14,1.88,2.51,1150.83,16.01,19.0
2019-02-04,3409.57,117.37,1251.06232846,106.08,2724.87,15.73,1.87,2.53,1147.87,15.745,27.0
2019-02-05,3428.4,116.03,1251.01521163,106.0,2737.7,15.57,1.87,2.51,1151.37,15.865,21.0
2019-02-06,3367.36,113.44,1230.92601723,103.36,2731.61,15.38,1.86,2.5,1152.94,15.73,14.0
2019-02-07,3359.0,114.1,1229.7039219,103.21,2706.05,16.37,1.84,2.46,1154.11,15.71,18.0
2019-02-08,3621.99,127.87,1345.05126008,117.96,2707.88,15.72,1.82,2.44,1159.7,15.78,37.0
2019-02-09,3623.73,126.83,1345.67050413,118.06,2707.88,15.72,1.82,2.44,1159.7,15.78,42.0
2019-02-10,3648.84,125.88,1346.90405444,123.94,2707.88,15.72,1.82,2.44,1159.7,15.78,40.0
2019-02-11,3590.36,120.64,1327.81841885,119.55,2709.8,15.97,1.82,2.47,1157.08,15.705,46.0
2019-02-12,3588.06,120.97,1344.67811503,120.82,2744.73,15.43,1.83,2.49,1160.01,15.81,38.0
2019-02-13,3576.68,120.79,1341.92912424,120.74,2753.03,15.65,1.86,2.53,1161.7,15.695,48.0
2019-02-14,3561.5,119.93,1330.09881217,119.39,2745.73,16.22,1.85,2.48,1161.29,15.58,48.0
2019-02-15,3566.59,120.05,1335.55184715,120.42,2775.6,14.91,1.86,2.49,1168.17,15.675,43.0
2019-02-16,3582.37,120.37,1341.19182106,121.56,2775.6,14.91,1.86,2.49,1168.17,15.675,43.0
2019-02-17,3625.08,122.91,1385.96467344,132.34,2775.6,14.91,1.86,2.49,1168.17,15.675,38.0
2019-02-18,3867.0,142.26,1502.82911949,144.62,2775.6,14.91,1.86,2.49,1170.81,15.765,63.0
2019-02-19,3888.01,140.81,1470.73352665,142.69,2779.76,14.88,1.87,2.47,1178.59,15.78,65.0
2019-02-20,3938.99,145.56,1498.5192052999998,147.19,2784.7,14.02,1.89,2.47,1185.05,16.035,59.0
2019-02-21,3897.71,140.52,1483.78623331,144.21,2774.88,14.46,1.91,2.51,1173.63,15.91,59.0
2019-02-22,3942.02,142.53,1500.50232065,146.68,2792.67,13.51,1.91,2.47,1172.49,15.87,61.0
2019-02-23,4110.0,153.0,1583.63406677,157.56,2792.67,13.51,1.91,2.47,1172.49,15.87,63.0
2019-02-24,3734.22,126.49,1421.23857303,131.76,2792.67,13.51,1.91,2.47,1172.49,15.87,69.0
2019-02-25,3818.79,132.92,1447.16971959,137.64,2796.11,14.85,1.92,2.48,1172.39,15.955,47.0
2019-02-26,3799.48,131.65,1430.03407295,135.66,2793.9,15.17,1.92,2.45,1167.24,15.83,40.0
2019-02-27,3799.91,130.35,1439.59503877,134.46,2792.38,14.7,1.93,2.49,1162.39,15.86,39.0
2019-02-28,3792.14,129.44,1434.11825984,134.48,2784.49,14.78,1.95,2.52,1158.74,15.815,39.0
2019-03-01,3806.17,130.5,1441.7784275000001,134.72,2803.69,13.57,1.96,2.56,1150.45,15.56,42.0
2019-03-02,3809.7,130.12,1441.88047058,132.32,2803.69,13.57,1.96,2.56,1150.45,15.56,41.0
2019-03-03,3786.93,128.85,1431.07970921,129.78,2803.69,13.57,1.96,2.56,1150.45,15.56,44.0
2019-03-04,3700.72,122.84,1389.40381317,125.24,2792.81,14.63,1.94,2.53,1135.01,15.16,36.0
2019-03-05,3844.59,131.75,1452.53983916,136.3,2789.65,14.74,1.93,2.53,1134.49,15.11,35.0
2019-03-06,3851.89,130.93,1470.26413005,137.0,2771.45,15.74,1.91,2.49,1136.82,15.095,42.0
2019-03-07,3857.05,129.72,1468.23879017,136.29,2748.93,16.59,1.9,2.44,1144.17,15.075,56.0
2019-03-08,3843.12,127.1,1458.7330582999998,132.75,2743.07,16.05,1.9,2.42,1154.37,15.115,54.0
2019-03-09,3917.0,132.77,1483.91984633,136.41,2743.07,16.05,1.9,2.42,1154.37,15.115,55.0
2019-03-10,3900.93,130.4,1477.59521098,134.66,2743.07,16.05,1.9,2.42,1154.37,15.115,55.0
2019-03-11,3849.68,128.03,1455.74432819,132.05,2783.3,14.33,1.91,2.44,1150.03,15.115,56.0
2019-03-12,3860.0,127.52,1462.81036569,132.8,2791.52,13.77,1.9,2.41,1150.74,15.445,56.0
2019-03-13,3851.02,127.28,1455.61270637,131.16,2810.92,13.41,1.92,2.42,1156.13,15.52,54.0
2019-03-14,3853.95,131.38,1459.19117908,131.4,2808.48,13.5,1.94,2.43,1146.43,15.235,55.0
2019-03-15,3902.8,142.63,1487.80599824,135.99,2822.48,12.88,1.94,2.4,1150.08,15.355,55.0
2019-03-16,3990.0,155.22,1527.79862821,140.48,2822.48,12.88,1.94,2.4,1150.08,15.355,54.0
2019-03-17,3967.01,153.5,1515.50944138,138.07,2822.48,12.88,1.94,2.4,1150.08,15.355,58.0
2019-03-18,3970.5,160.14,1515.40177545,137.01,2832.94,13.1,1.96,2.42,1150.89,15.38,56.0
2019-03-19,4000.85,159.58,1527.71580137,138.15,2832.57,13.56,1.95,2.42,1152.08,15.41,56.0
2019-03-20,4031.85,158.56,1539.43660867,138.73,2824.23,13.91,1.96,2.34,1147.78,15.32,55.0
2019-03-21,3972.76,152.64,1510.75152388,134.41,2854.88,13.63,1.96,2.34,1151.79,15.54,62.0
2019-03-22,3983.78,156.15,1518.41319139,135.63,2800.71,16.48,1.9,2.24,1162.99,15.46,56.0
2019-03-23,3983.43,165.32,1524.45864882,136.52,2800.71,16.48,1.9,2.24,1162.99,15.46,50.0
2019-03-24,3969.52,163.4,1517.65771044,135.37,2800.71,16.48,1.9,2.24,1162.99,15.46,44.0
2019-03-25,3907.53,158.78,1492.62177024,133.01,2798.36,16.33,1.88,2.21,1165.82,15.525,46.0
2019-03-26,3921.45,158.1,1497.14473009,133.28,2818.46,14.68,1.86,2.18,1165.19,15.44,43.0
2019-03-27,4026.53,170.23,1545.49055188,139.08,2805.37,15.15,1.84,2.18,1164.45,15.4,44.0
2019-03-28,4011.17,167.1,1536.99236314,137.46,2815.44,14.43,1.83,2.2,1152.68,15.195,49.0
2019-03-29,4091.01,170.13,1572.64739629,142.83,2834.4,13.71,1.88,2.23,1153.81,15.1,50.0
2019-03-30,4094.14,166.71,1570.12733737,142.12,2834.4,13.71,1.88,2.23,1153.81,15.1,57.0
2019-03-31,4094.99,168.64,1570.88943397,141.2,2834.4,13.71,1.88,2.23,1153.81,15.1,56.0
2019-04-01,4137.0,167.18,1583.78804042,141.0,2867.19,13.4,1.9,2.31,1152.25,15.07,62.0
2019-04-02,4901.93,242.96,1889.20045933,164.69,2867.24,13.36,1.9,2.28,1151.59,15.025,60.0
2019-04-03,4975.97,301.84,1927.99139968,161.33,2873.4,13.74,1.91,2.32,1147.98,15.165,71.0
2019-04-04,4906.49,285.96,1895.39420642,157.65,2879.39,13.58,1.9,2.32,1144.18,15.085,61.0
2019-04-05,5040.66,293.76,1958.44861317,166.08,2892.74,12.82,1.9,2.31,1148.01,15.195,59.0
2019-04-06,5049.22,306.66,1967.70562615,165.79,2892.74,12.82,1.9,2.31,1148.01,15.195,65.0
2019-04-07,5194.79,320.52,2035.05097552,174.84,2892.74,12.82,1.9,2.31,1148.01,15.195,69.0
2019-04-08,5285.54,309.88,2062.55945304,180.74,2895.77,13.18,1.91,2.33,1153.49,15.14,65.0
2019-04-09,5187.21,295.48,2018.01512443,175.83,2878.2,14.28,1.91,2.31,1155.24,15.255,64.0
2019-04-10,5318.58,304.73,2063.69343246,177.55,2888.21,13.3,1.94,2.28,1161.07,15.245,62.0
2019-04-11,5041.3,270.67,1939.70028929,164.92,2888.32,13.02,1.94,2.31,1152.43,15.16,65.0
2019-04-12,5078.19,282.2,1953.6026521,164.27,2907.41,12.01,1.95,2.38,1143.64,15.065,42.0
2019-04-13,5066.22,278.23,1947.14068986,163.75,2907.41,12.01,1.95,2.38,1143.64,15.065,62.0
2019-04-14,5164.27,289.56,1993.24947296,168.27,2907.41,12.01,1.95,2.38,1143.64,15.065,51.0
2019-04-15,5029.99,312.65,1940.01190863,160.24,2905.58,12.32,1.94,2.37,1137.41,14.935,60.0
2019-04-16,5202.9,316.0,2006.03364064,166.38,2907.06,12.18,1.96,2.41,1129.83,14.945,50.0
2019-04-17,5227.0,310.17,2010.7068064,166.54,2900.45,12.6,1.94,2.4,1128.74,15.0,61.0
2019-04-18,5280.49,306.36,2042.50507566,174.15,2905.03,12.09,1.95,2.38,1134.22,14.955,64.0
2019-04-19,5290.36,306.92,2045.58574082,173.83,2905.03,12.09,1.95,2.38,1134.22,14.955,61.0
2019-04-20,5319.89,300.12,2052.05136471,173.73,2905.03,12.09,1.95,2.38,1134.22,14.955,62.0
2019-04-21,5297.64,290.53,2031.65301839,169.9,2905.03,12.09,1.95,2.38,1134.22,14.955,62.0
2019-04-22,5387.6,292.88,2060.18225431,171.58,2907.97,12.42,1.95,2.39,1134.22,14.955,61.0
2019-04-23,5532.75,288.59,2095.47215578,170.14,2933.68,12.28,1.95,2.36,1132.52,14.975,68.0
2019-04-24,5441.9,278.8,2056.29836499,165.75,2927.25,13.14,1.96,2.32,1136.35,14.805,65.0
2019-04-25,5134.81,264.0,1934.37727097,152.05,2926.17,13.25,1.98,2.33,1149.65,14.865,58.0
2019-04-26,5159.51,259.47,1943.07579733,153.41,2939.88,12.73,1.97,2.29,1151.16,15.0,41.0
2019-04-27,5170.6,259.42,1950.47081315,155.66,2939.88,12.73,1.97,2.29,1151.16,15.0,42.0
2019-04-28,5155.0,248.84,1935.59059666,153.19,2939.88,12.73,1.97,2.29,1151.16,15.0,40.0
2019-04-29,5148.25,234.32,1925.67794672,152.36,2943.03,13.11,1.96,2.32,1147.2,14.97,42.0
2019-04-30,5270.69,265.25,1993.14026417,160.4,2945.83,13.12,1.95,2.28,1142.79,14.985,42.0
2019-05-01,5321.15,267.89,2004.10255924,158.3,2923.73,14.8,1.93,2.31,1141.94,14.88,51.0
2019-05-02,5390.01,264.4,2022.73460884,158.7,2917.52,14.42,1.89,2.34,1136.1,14.675,50.0
2019-05-03,5657.4,287.43,2124.24998305,164.74,2945.64,12.87,1.91,2.33,1144.3,14.655,63.0
2019-05-04,5770.01,287.18,2149.93260288,161.85,2945.64,12.87,1.91,2.33,1144.3,14.655,66.0
2019-05-05,5715.86,290.22,2131.44856699,161.25,2945.64,12.87,1.91,2.33,1144.3,14.655,67.0
2019-05-06,5687.9,285.61,2138.82644772,171.07,2932.47,15.44,1.91,2.3,1144.3,14.655,57.0
2019-05-07,5748.45,280.53,2144.40282083,166.51,2884.05,19.32,1.87,2.25,1145.26,14.83,69.0
2019-05-08,5948.41,284.22,2209.78710928,169.58,2879.42,19.4,1.87,2.28,1147.68,14.93,63.0
2019-05-09,6153.09,282.8,2267.8375529,170.11,2870.72,19.1,1.85,2.25,1144.5,14.82,69.0
2019-05-10,6343.14,285.56,2332.84293297,172.21,2881.4,16.04,1.88,2.26,1144.36,14.795,71.0
2019-05-11,7219.95,354.76,2657.0545618,192.52,2881.4,16.04,1.88,2.26,1144.36,14.795,76.0
2019-05-12,6979.76,355.74,2574.92956119,188.23,2881.4,16.04,1.88,2.26,1144.36,14.795,75.0
2019-05-13,7824.93,384.02,2846.47911214,196.51,2811.87,20.55,1.85,2.18,1151.27,14.66,78.0
2019-05-14,7990.92,389.23,2939.55950615,217.44,2834.41,18.06,1.86,2.2,1158.04,14.755,78.0
2019-05-15,8203.32,404.14,3078.20038971,249.0,2850.96,16.44,1.83,2.15,1161.53,14.815,77.0
2019-05-16,7878.96,398.89,3001.92843859,264.5,2876.32,15.29,1.84,2.18,1154.78,14.795,75.0
2019-05-17,7363.69,367.85,2802.04729242,244.59,2859.53,15.96,1.81,2.17,1146.7,14.48,65.0
2019-05-18,7262.4,357.98,2748.31445439,234.03,2859.53,15.96,1.81,2.17,1146.7,14.48,67.0
2019-05-19,8200.0,418.4,3096.17161538,261.09,2859.53,15.96,1.81,2.17,1146.7,14.48,70.0
2019-05-20,7999.54,414.76,3016.70563418,252.22,2840.23,16.31,1.81,2.21,1143.42,14.415,73.0
2019-05-21,7951.7,417.17,3007.86658721,254.74,2864.36,14.95,1.83,2.23,1139.84,14.43,68.0
2019-05-22,7626.48,387.61,2878.82597433,243.32,2856.27,14.75,1.79,2.19,1141.2,14.435,69.0
2019-05-23,7881.98,405.93,2964.98110886,245.64,2822.24,16.92,1.73,2.11,1152.46,14.48,65.0
2019-05-24,7994.88,408.74,3020.52340219,249.45,2826.06,15.85,1.76,2.12,1145.4,14.55,64.0
2019-05-25,8067.41,405.97,3043.75706265,251.85,2826.06,15.85,1.76,2.12,1145.4,14.55,69.0
2019-05-26,8760.03,434.34,3286.26028942,269.28,2826.06,15.85,1.76,2.12,1145.4,14.55,67.0
2019-05-27,8783.25,440.0,3310.69890984,271.08,2826.06,15.85,1.76,2.12,1145.4,14.55,70.0
2019-05-28,8686.5,432.73,3293.8118716999998,270.52,2802.39,17.5,1.73,2.06,1142.29,14.48,71.0
2019-05-29,8660.5,458.85,3282.86894948,269.23,2783.02,17.9,1.75,2.05,1150.67,14.375,71.0
2019-05-30,8273.57,421.5,3127.30899901,253.76,2788.86,17.3,1.74,2.03,1151.7,14.4,73.0
2019-05-31,8550.18,443.21,3246.41535683,267.84,2752.06,18.71,1.74,1.93,1161.07,14.48,61.0
2019-06-01,8558.01,432.0,3236.68564303,264.7,2752.06,18.71,1.74,1.93,1161.07,14.48,62.0
2019-06-02,8741.17,440.7,3303.67371876,269.33,2752.06,18.71,1.74,1.93,1161.07,14.48,63.0
2019-06-03,8015.01,395.4,3064.23080966,246.0,2744.45,18.86,1.73,1.83,1175.38,14.705,66.0
2019-06-04,7688.26,384.18,2909.85359749,241.47,2803.27,16.97,1.74,1.89,1177.26,14.72,42.0
2019-06-05,7766.91,396.06,2960.63391648,245.73,2826.15,16.09,1.75,1.86,1184.99,14.84,27.0
2019-06-06,7812.15,397.61,2977.86963747,250.22,2843.49,15.93,1.73,1.88,1185.92,14.955,34.0
2019-06-07,7992.17,398.1,3043.14708511,249.31,2873.34,16.3,1.74,1.85,1184.6,14.91,27.0
2019-06-08,7938.64,394.74,3014.18919522,244.52,2873.34,16.3,1.74,1.85,1184.6,14.91,62.0
2019-06-09,7623.84,379.51,2896.18804221,230.92,2873.34,16.3,1.74,1.85,1184.6,14.91,62.0
2019-06-10,8046.13,395.58,3056.90601007,248.39,2886.73,15.94,1.73,1.91,1175.94,14.745,46.0
2019-06-11,7918.2,388.59,3028.75989844,245.47,2885.72,15.99,1.72,1.92,1170.42,14.695,61.0
2019-06-12,8169.01,397.96,3141.82514117,263.29,2879.84,15.91,1.71,1.88,1177.26,14.79,60.0
2019-06-13,8256.0,413.39,3144.77975453,256.35,2891.64,15.82,1.68,1.84,1184.81,14.795,63.0
2019-06-14,8693.98,421.33,3297.82512458,263.67,2886.98,15.28,1.63,1.85,1201.8,15.025,67.0
2019-06-15,8861.33,423.8,3362.84580135,269.17,2886.98,15.28,1.63,1.85,1201.8,15.025,75.0
2019-06-16,8996.95,427.57,3394.93449905,268.89,2886.98,15.28,1.63,1.85,1201.8,15.025,80.0
2019-06-17,9346.47,431.57,3509.92703094,274.16,2889.67,15.35,1.61,1.85,1193.09,14.78,84.0
2019-06-18,9089.99,413.82,3417.46903497,264.48,2917.75,15.15,1.64,1.83,1198.09,14.895,83.0
2019-06-19,9283.99,416.06,3485.93094933,268.99,2926.46,14.33,1.67,1.77,1199.43,14.945,82.0
2019-06-20,9542.6,412.88,3562.22524116,272.36,2954.18,14.75,1.74,1.74,1221.27,15.33,81.0
2019-06-21,10175.88,440.17,3821.96762383,295.3,2950.46,15.4,1.73,1.8,1233.12,15.29,84.0
2019-06-22,10658.3,479.1,3983.88218928,308.68,2950.46,15.4,1.73,1.8,1233.12,15.29,83.0
2019-06-23,10808.53,473.56,4022.79905083,306.33,2950.46,15.4,1.73,1.8,1233.12,15.29,84.0
2019-06-24,11040.03,478.99,4087.55916201,311.4,2945.35,15.26,1.71,1.75,1235.05,15.37,80.0
2019-06-25,11736.99,476.54,4306.05813748,316.26,2917.38,16.28,1.67,1.73,1256.2,15.4,87.0
2019-06-26,12902.52,481.64,4676.0574376,334.7,2913.78,16.21,1.7,1.8,1236.32,15.255,95.0
2019-06-27,11127.4,409.88,4048.44814749,293.88,2924.92,15.82,1.68,1.76,1234.76,15.25,92.0
2019-06-28,12317.73,432.93,4440.09176741,309.1,2941.76,15.08,1.69,1.76,1237.81,15.22,62.0
2019-06-29,11913.73,440.32,4327.9760117,319.41,2941.76,15.08,1.69,1.76,1237.81,15.22,74.0
2019-06-30,10778.74,400.96,3932.29366512,291.2,2941.76,15.08,1.69,1.76,1237.81,15.22,78.0
2019-07-01,10570.62,415.74,3892.71835716,293.76,2964.33,14.06,1.69,1.79,1227.74,15.26,65.0
2019-07-02,10885.01,407.91,3954.09320579,292.29,2973.01,12.93,1.65,1.75,1231.77,15.17,63.0
2019-07-03,12022.61,422.66,4315.27600813,303.24,2995.82,12.57,1.65,1.74,1251.65,15.31,79.0
2019-07-04,11130.95,399.05,4027.5474126999998,281.99,2995.82,12.57,1.65,1.74,1254.59,15.28,76.0
2019-07-05,11038.61,400.21,3997.95778525,287.92,2990.41,13.28,1.69,1.84,1237.7,15.21,67.0
2019-07-06,11187.8,405.44,4068.10555406,287.38,2990.41,13.28,1.69,1.84,1237.7,15.21,72.0
2019-07-07,11478.9,412.72,4175.69251642,306.74,2990.41,13.28,1.69,1.84,1237.7,15.21,67.0
2019-07-08,12298.31,418.36,4430.60843366,313.21,2975.95,13.96,1.7,1.86,1248.19,15.07,74.0
2019-07-09,12559.46,414.68,4496.09612217,307.51,2979.63,14.09,1.71,1.88,1241.54,15.025,84.0
2019-07-10,12083.13,388.82,4302.95170722,288.21,2993.07,13.03,1.74,1.82,1252.68,15.095,83.0
2019-07-11,11323.95,343.83,4028.50490441,268.46,2999.91,12.93,1.77,1.88,1255.83,15.265,62.0
2019-07-12,11811.99,353.77,4179.17659012,275.69,3013.77,12.39,1.77,1.86,1251.5,15.14,33.0
2019-07-13,11408.1,344.6,4033.92991269,269.7,3013.77,12.39,1.77,1.86,1251.5,15.14,65.0
2019-07-14,10190.36,282.59,3578.25111615,226.83,3013.77,12.39,1.77,1.86,1251.5,15.14,61.0
2019-07-15,10855.56,315.4,3788.00216181,229.05,3014.3,12.68,1.77,1.84,1253.79,15.32,16.0
2019-07-16,9436.0,283.32,3293.46208504,199.04,3004.04,12.86,1.8,1.88,1256.88,15.395,34.0
2019-07-17,9708.55,292.3,3412.6685881,211.32,2984.42,13.97,1.75,1.83,1256.9,15.61,19.0
2019-07-18,10654.25,314.54,3737.06290004,226.43,2995.11,13.53,1.79,1.78,1263.51,16.03,40.0
2019-07-19,10548.04,308.42,3690.48376329,221.99,2976.61,14.45,1.8,1.8,1281.48,16.315,42.0
2019-07-20,10754.92,324.56,3777.82369727,227.89,2976.61,14.45,1.8,1.8,1281.48,16.315,34.0
2019-07-21,10633.54,322.05,3720.29082409,226.2,2976.61,14.45,1.8,1.8,1281.48,16.315,42.0
2019-07-22,10304.64,309.61,3619.1369413,216.6,2985.03,13.53,1.79,1.8,1272.13,16.385,42.0
2019-07-23,9833.19,296.8,3459.06821852,212.0,3005.47,12.61,1.81,1.83,1277.01,16.43,40.0
2019-07-24,9751.24,301.36,3454.41189805,215.64,3019.56,12.07,1.79,1.82,1279.69,16.535,20.0
2019-07-25,9880.67,301.63,3490.11806507,219.15,3003.67,12.74,1.8,1.85,1265.85,16.535,42.0
2019-07-26,9841.96,317.19,3485.93447627,219.26,3025.86,12.16,1.78,1.85,1275.95,16.44,24.0
2019-07-27,9468.92,304.83,3348.6290461,207.28,3025.86,12.16,1.78,1.85,1275.95,16.44,47.0
2019-07-28,9549.7,310.57,3374.73400823,211.51,3025.86,12.16,1.78,1.85,1275.95,16.44,16.0
2019-07-29,9503.32,305.52,3360.91113891,210.77,3020.97,12.83,1.77,1.84,1275.3,16.39,19.0
2019-07-30,9580.0,318.26,3390.79320622,209.72,3013.18,13.94,1.78,1.84,1279.6,16.455,22.0
2019-07-31,10099.0,328.57,3564.39722312,218.86,2980.38,16.12,1.76,1.84,1281.37,16.475,31.0
2019-08-01,10417.24,329.29,3655.12911746,217.66,2953.56,17.87,1.7,1.68,1273.29,16.005,57.0
2019-08-02,10533.07,328.32,3687.80001874,217.89,2932.05,17.61,1.66,1.66,1298.44,16.195,61.0
2019-08-03,10820.75,335.79,3780.95950366,222.1,2932.05,17.61,1.66,1.66,1298.44,16.195,61.0
2019-08-04,10997.82,336.67,3827.84321532,223.09,2932.05,17.61,1.66,1.66,1298.44,16.195,62.0
2019-08-05,11775.14,346.88,4098.36965663,232.65,2844.74,24.59,1.6,1.55,1310.23,16.485,64.0
2019-08-06,11440.08,334.79,3973.37185209,225.7,2881.77,20.17,1.62,1.53,1311.11,16.385,66.0
2019-08-07,12014.41,338.6,4120.8978218,226.47,2883.98,19.49,1.62,1.52,1341.44,16.82,45.0
2019-08-08,12017.89,333.65,4111.74163947,220.97,2938.09,16.91,1.65,1.54,1335.7,17.02,61.0
2019-08-09,11889.0,315.02,4044.33854289,210.84,2918.65,17.97,1.66,1.57,1338.05,17.0,60.0
2019-08-10,11283.82,315.05,3870.10042632,206.1,2918.65,17.97,1.66,1.57,1338.05,17.0,59.0
2019-08-11,11531.95,338.41,3976.91557947,216.11,2918.65,17.97,1.66,1.57,1338.05,17.0,45.0
2019-08-12,11387.38,329.22,3916.65618851,211.03,2883.75,21.09,1.61,1.49,1341.74,16.955,48.0
2019-08-13,10855.58,347.14,3760.31498175,208.38,2926.32,17.52,1.63,1.57,1338.67,17.445,45.0
2019-08-14,10105.34,312.28,3456.4911568999996,187.49,2840.6,22.1,1.57,1.51,1356.17,17.115,11.0
2019-08-15,10280.96,313.54,3542.4576976999997,188.0,2847.6,21.18,1.54,1.42,1363.78,17.29,13.0
2019-08-16,10368.83,309.23,3549.10317779,185.56,2888.68,18.47,1.54,1.42,1367.82,17.16,31.0
2019-08-17,10218.37,306.69,3507.82740296,185.84,2888.68,18.47,1.54,1.42,1367.82,17.16,20.0
2019-08-18,10309.04,316.97,3560.96627197,194.52,2888.68,18.47,1.54,1.42,1367.82,17.16,14.0
2019-08-19,10935.67,325.24,3754.87434822,202.46,2923.65,16.88,1.56,1.47,1348.89,16.925,30.0
2019-08-20,10770.99,315.69,3696.0049147,196.65,2900.51,17.5,1.53,1.42,1357.86,17.02,39.0
2019-08-21,10137.75,305.34,3487.91443362,189.74,2924.43,15.8,1.54,1.47,1354.43,17.11,11.0
2019-08-22,10088.89,311.42,3492.57119538,189.71,2922.95,16.68,1.55,1.5,1354.1,16.96,5.0
2019-08-23,10415.01,316.17,3592.63724578,194.56,2847.11,19.87,1.54,1.4,1357.63,17.05,33.0
2019-08-24,10156.0,306.43,3504.23856921,190.84,2847.11,19.87,1.54,1.4,1357.63,17.05,39.0
2019-08-25,10148.5,305.28,3492.71472579,186.7,2847.11,19.87,1.54,1.4,1357.63,17.05,33.0
2019-08-26,10373.75,310.99,3564.75881221,188.26,2878.38,19.32,1.54,1.43,1357.63,17.05,41.0
2019-08-27,10170.16,307.99,3505.15385895,187.0,2869.16,20.31,1.55,1.4,1380.88,17.725,30.0
2019-08-28,9710.38,292.42,3333.10028319,172.66,2887.94,19.35,1.55,1.37,1387.43,18.365,32.0
2019-08-29,9525.0,281.33,3253.52138946,169.64,2924.58,17.88,1.59,1.4,1392.03,18.48,20.0
2019-08-30,9580.6,278.59,3279.99389432,168.37,2926.46,18.98,1.55,1.39,1383.51,18.385,24.0
2019-08-31,9593.95,279.37,3292.32526866,171.78,2926.46,18.98,1.55,1.39,1383.51,18.385,20.0
2019-09-01,9769.64,282.12,3342.74878702,171.66,2926.46,18.98,1.55,1.39,1383.51,18.385,24.0
2019-09-02,10405.05,294.29,3542.30782614,178.99,2926.46,18.98,1.55,1.39,1391.51,18.35,28.0
2019-09-03,10628.46,300.82,3618.93188483,178.76,2906.27,19.66,1.5,1.35,1403.44,18.475,41.0
2019-09-04,10585.67,294.61,3594.07632882,174.84,2937.78,17.33,1.51,1.32,1403.86,19.305,43.0
2019-09-05,10574.27,292.77,3588.72379985,174.0,2976.0,16.27,1.56,1.43,1380.78,19.22,41.0
2019-09-06,10318.8,287.13,3500.35169626,169.49,2978.71,15.0,1.54,1.42,1378.49,18.145,43.0
2019-09-07,10484.87,300.1,3576.37077367,178.26,2978.71,15.0,1.54,1.42,1378.49,18.145,39.0
2019-09-08,10395.17,306.58,3562.03011221,181.32,2978.71,15.0,1.54,1.42,1378.49,18.145,43.0
2019-09-09,10310.01,304.13,3532.96750301,180.72,2978.43,15.27,1.57,1.49,1364.92,18.17,41.0
2019-09-10,10090.01,303.57,3467.93858214,179.58,2979.39,15.2,1.6,1.58,1357.11,17.99,41.0
2019-09-11,10169.49,299.19,3482.72704434,178.31,3000.93,14.61,1.6,1.6,1355.9,18.165,38.0
2019-09-12,10437.19,300.55,3564.9397513000004,181.17,3009.57,14.22,1.63,1.65,1373.53,18.19,39.0
2019-09-13,10381.91,299.13,3548.78180728,181.91,3007.39,13.74,1.67,1.75,1358.35,18.145,38.0
2019-09-14,10360.2,304.87,3564.5395115,189.0,3007.39,13.74,1.67,1.75,1358.35,18.145,39.0
2019-09-15,10306.65,303.24,3548.51824094,189.66,3007.39,13.74,1.67,1.75,1358.35,18.145,38.0
2019-09-16,10268.77,307.89,3556.07729737,197.94,2997.96,14.67,1.67,1.69,1359.46,17.835,38.0
2019-09-17,10185.14,318.91,3557.82876951,208.11,3005.7,14.44,1.66,1.66,1360.45,17.84,41.0
2019-09-18,10155.26,323.57,3560.5453162,210.25,3006.73,13.95,1.59,1.68,1359.92,17.85,38.0
2019-09-19,10304.94,324.7,3613.51382392,221.69,3006.79,14.05,1.61,1.66,1357.08,17.755,31.0
2019-09-20,10168.44,315.96,3573.42800787,218.11,2992.07,15.32,1.61,1.61,1362.52,17.88,41.0
2019-09-21,9982.39,311.6,3507.53691811,215.26,2992.07,15.32,1.61,1.61,1362.52,17.88,37.0
2019-09-22,10035.0,307.26,3513.24028282,211.1,2992.07,15.32,1.61,1.61,1362.52,17.88,37.0
2019-09-23,9683.89,292.03,3385.70743389,200.77,2991.78,14.91,1.61,1.59,1385.11,18.38,41.0
2019-09-24,8556.43,247.72,2953.60192861,167.07,2966.6,17.05,1.58,1.52,1381.36,18.56,39.0
2019-09-25,8446.57,228.0,2931.37378411,170.28,2984.87,15.96,1.6,1.6,1391.77,18.57,15.0
2019-09-26,8063.0,214.16,2805.90186172,165.86,2977.62,16.07,1.57,1.59,1374.89,17.97,12.0
2019-09-27,8193.98,220.49,2864.48445091,174.29,2961.79,17.22,1.53,1.56,1362.51,17.52,24.0
2019-09-28,8228.22,227.62,2873.02949192,174.03,2961.79,17.22,1.53,1.56,1362.51,17.52,32.0
2019-09-29,8063.06,218.65,2811.03854167,170.16,2961.79,17.22,1.53,1.56,1362.51,17.52,33.0
2019-09-30,8305.14,227.71,2912.32358033,181.6,2976.74,16.24,1.53,1.55,1362.17,17.255,27.0
2019-10-01,8323.43,223.68,2906.69674904,176.25,2940.25,18.56,1.52,1.51,1349.97,17.11,38.0
2019-10-02,8396.0,225.79,2934.39905709,181.21,2887.61,20.56,1.5,1.43,1364.68,17.26,39.0
2019-10-03,8241.25,222.75,2882.07340166,175.17,2910.63,19.12,1.48,1.34,1380.26,17.6,37.0
2019-10-04,8159.71,221.83,2859.46742766,175.82,2952.01,17.04,1.5,1.34,1366.78,17.605,30.0
2019-10-05,8152.99,223.31,2859.73160488,176.73,2952.01,17.04,1.5,1.34,1366.78,17.605,31.0
2019-10-06,7862.67,220.5,2759.49776765,170.18,2952.01,17.04,1.5,1.34,1366.78,17.605,32.0
2019-10-07,8224.82,232.98,2888.46136883,180.65,2938.79,17.86,1.51,1.38,1365.54,17.425,27.0
2019-10-08,8186.73,231.82,2880.81840604,180.95,2893.06,20.28,1.48,1.36,1372.28,17.555,39.0
2019-10-09,8600.0,239.53,3029.60779715,193.41,2919.4,18.64,1.49,1.4,1372.65,17.78,37.0
2019-10-10,8589.01,230.47,3021.84724067,192.04,2938.13,17.57,1.52,1.48,1356.38,17.75,41.0
2019-10-11,8263.64,220.9,2902.71567239,180.85,2970.27,15.58,1.56,1.59,1338.33,17.6,39.0
2019-10-12,8304.1,224.42,2914.88839549,179.61,2970.27,15.58,1.56,1.59,1338.33,17.6,38.0
2019-10-13,8280.01,223.12,2911.21192807,181.01,2970.27,15.58,1.56,1.59,1338.33,17.6,38.0
2019-10-14,8363.0,228.25,2945.61725286,187.11,2966.15,14.57,1.56,1.59,1352.12,17.605,37.0
2019-10-15,8156.52,222.38,2873.52128099,180.49,2995.68,13.54,1.56,1.59,1353.3,17.67,39.0
2019-10-16,7993.0,216.99,2808.84838965,174.5,2989.69,13.68,1.57,1.57,1343.27,17.255,40.0
2019-10-17,8077.0,220.54,2842.3406520999997,177.38,2997.95,13.79,1.59,1.57,1341.59,17.45,40.0
2019-10-18,7954.16,212.24,2794.41489628,173.27,2986.2,14.25,1.6,1.56,1341.59,17.45,40.0
2019-10-19,7965.27,213.32,2797.34845302,172.07,2986.2,14.25,1.6,1.56,1341.59,17.45,41.0
2019-10-20,8235.44,225.0,2888.91173556,175.42,2986.2,14.25,1.6,1.56,1341.59,17.45,37.0
2019-10-21,8214.58,232.76,2881.40199572,174.34,3006.72,14.0,1.61,1.61,1337.12,17.725,37.0
2019-10-22,8008.04,226.83,2818.71361786,171.08,2995.99,14.46,1.61,1.6,1334.14,17.625,39.0
2019-10-23,7473.42,210.26,2631.12278284,162.35,3004.52,14.01,1.61,1.58,1343.66,17.535,33.0
2019-10-24,7439.29,212.62,2615.9449645,160.68,3010.29,13.71,1.62,1.58,1346.45,17.53,20.0
2019-10-25,8704.85,260.16,3041.44910409,182.27,3022.55,12.65,1.65,1.62,1364.22,18.125,24.0
2019-10-26,9281.27,253.4,3209.72052845,180.67,3022.55,12.65,1.65,1.62,1364.22,18.125,53.0
2019-10-27,9570.58,261.9,3309.27793998,184.26,3022.55,12.65,1.65,1.62,1364.22,18.125,50.0
2019-10-28,9221.96,265.0,3209.20756048,181.87,3039.42,13.11,1.64,1.66,1345.55,18.055,52.0
2019-10-29,9431.27,289.78,3296.1187796,190.93,3036.89,13.2,1.61,1.66,1338.37,17.66,54.0
2019-10-30,9175.77,289.52,3201.43249849,183.63,3046.77,12.33,1.57,1.61,1342.74,17.955,53.0
2019-10-31,9146.75,282.91,3197.0494953,182.06,3037.56,13.22,1.54,1.51,1356.53,18.055,50.0
2019-11-01,9268.0,279.64,3225.74418141,183.55,3066.91,12.3,1.59,1.55,1351.28,18.12,49.0
2019-11-02,9320.0,290.5,3245.75647204,183.45,3066.91,12.3,1.59,1.55,1351.28,18.12,51.0
2019-11-03,9215.01,292.0,3201.68215988,181.82,3066.91,12.3,1.59,1.55,1351.28,18.12,56.0
2019-11-04,9414.0,291.12,3277.60712049,186.12,3078.27,12.83,1.64,1.6,1353.98,18.185,49.0
2019-11-05,9314.99,292.97,3258.76498275,188.7,3074.62,13.1,1.68,1.66,1344.67,18.045,54.0
2019-11-06,9343.11,305.37,3283.25042197,191.41,3076.78,12.62,1.66,1.63,1341.31,17.54,53.0
2019-11-07,9196.71,291.57,3226.74584682,186.53,3085.18,12.73,1.69,1.74,1341.76,17.53,54.0
2019-11-08,8758.69,276.99,3100.91285783,183.44,3093.08,12.07,1.71,1.74,1328.13,16.81,42.0
2019-11-09,8798.38,282.54,3093.22468601,184.77,3093.08,12.07,1.71,1.74,1328.13,16.81,38.0
2019-11-10,9036.82,292.76,3189.79828464,189.0,3093.08,12.07,1.71,1.74,1328.13,16.81,39.0
2019-11-11,8720.61,286.41,3086.37629239,184.63,3087.01,12.69,1.71,1.74,1321.87,16.88,40.0
2019-11-12,8823.65,289.28,3100.41610162,186.99,3091.84,12.68,1.7,1.73,1318.17,16.735,39.0
2019-11-13,8765.61,284.9,3097.46778112,188.0,3094.04,13.0,1.66,1.69,1328.46,16.95,38.0
2019-11-14,8630.01,277.08,3036.40488097,184.69,3096.63,13.05,1.62,1.63,1333.18,17.035,41.0
2019-11-15,8460.0,263.1,2982.96981195,180.03,3120.46,12.05,1.63,1.65,1327.84,16.87,38.0
2019-11-16,8488.0,265.06,3002.35275064,182.22,3120.46,12.05,1.63,1.65,1327.84,16.87,41.0
2019-11-17,8500.01,265.82,3004.58384315,183.85,3120.46,12.05,1.63,1.65,1327.84,16.87,38.0
2019-11-18,8160.73,245.69,2886.248988,177.65,3122.03,12.46,1.63,1.63,1325.88,16.795,38.0
2019-11-19,8123.36,241.8,2867.36804128,175.62,3120.18,12.86,1.63,1.63,1325.86,17.125,32.0
2019-11-20,8082.96,242.84,2855.33609375,174.25,3108.46,12.78,1.6,1.58,1328.36,17.115,32.0
2019-11-21,7618.76,226.33,2704.29324721,160.84,3103.54,13.13,1.63,1.62,1324.01,17.09,30.0
2019-11-22,7296.45,208.45,2529.73009533,150.32,3110.29,12.34,1.62,1.62,1326.06,17.175,20.0
2019-11-23,7338.92,215.58,2551.79389582,152.32,3110.29,12.34,1.62,1.62,1326.06,17.175,23.0
2019-11-24,6906.25,202.64,2415.95111885,140.37,3110.29,12.34,1.62,1.62,1326.06,17.175,21.0
2019-11-25,7125.0,207.64,2506.05314902,146.12,3133.64,11.87,1.62,1.62,1323.35,16.87,17.0
2019-11-26,7155.0,211.0,2517.12275193,147.57,3140.52,11.54,1.62,1.58,1321.11,16.935,21.0
2019-11-27,7539.4,219.89,2654.31784577,153.42,3153.63,11.75,1.63,1.63,1322.3,17.055,20.0
2019-11-28,7413.05,217.48,2622.33157228,150.5,3153.63,11.75,1.63,1.63,1321.84,16.945,32.0
2019-11-29,7751.29,224.28,2716.01969564,154.62,3140.98,12.62,1.61,1.62,1327.42,16.965,31.0
2019-11-30,7551.7,218.0,2620.08567765,151.5,3140.98,12.62,1.61,1.62,1327.42,16.965,38.0
2019-12-01,7413.84,214.55,2587.65659918,151.39,3140.98,12.62,1.61,1.62,1327.42,16.965,25.0
2019-12-02,7315.09,214.0,2582.60845653,149.09,3113.87,14.91,1.65,1.65,1321.17,16.875,28.0
2019-12-03,7296.0,211.8,2500.00392896,147.3,3093.2,15.96,1.63,1.54,1333.12,17.01,28.0
2019-12-04,7185.57,207.5,2526.18908984,145.43,3112.76,14.8,1.66,1.6,1327.89,17.13,24.0
2019-12-05,7388.75,211.6,2578.48222047,148.2,3117.43,14.52,1.67,1.62,1329.54,16.87,21.0
2019-12-06,7560.76,213.2,2630.10202755,149.0,3145.91,13.62,1.69,1.67,1320.25,16.94,29.0
2019-12-07,7502.2,211.38,2610.45767057,147.37,3145.91,13.62,1.69,1.67,1320.25,16.94,32.0
2019-12-08,7520.0,212.55,2633.29764044,150.71,3145.91,13.62,1.69,1.67,1320.25,16.94,28.0
2019-12-09,7332.69,208.25,2567.46086726,147.34,3135.96,15.86,1.69,1.67,1320.06,16.62,32.0
2019-12-10,7215.69,206.78,2530.53635279,145.55,3132.52,15.68,1.71,1.68,1322.26,16.675,26.0
2019-12-11,7275.17,207.42,2494.57266354,143.93,3141.63,14.99,1.69,1.64,1322.47,16.66,20.0
2019-12-12,7194.19,206.37,2516.81159862,144.82,3168.57,13.94,1.72,1.73,1319.55,16.865,23.0
2019-12-13,7249.25,211.51,2536.20537346,144.69,3168.8,12.63,1.7,1.66,1315.1,16.935,22.0
2019-12-14,7059.55,205.94,2463.74191988,141.8,3168.8,12.63,1.7,1.66,1315.1,16.935,27.0
2019-12-15,7111.0,206.91,2477.40898966,142.4,3168.8,12.63,1.7,1.66,1315.1,16.935,21.0
2019-12-16,6877.04,195.94,2396.86938232,132.39,3191.45,12.14,1.73,1.72,1325.23,17.02,24.0
2019-12-17,6618.62,176.87,2303.88170594,121.91,3192.52,12.29,1.75,1.71,1323.35,17.06,23.0
2019-12-18,7309.12,189.21,2501.39771484,133.49,3191.14,12.58,1.76,1.74,1325.91,16.995,15.0
2019-12-19,7153.99,186.16,2453.29462288,128.48,3205.37,12.5,1.77,1.73,1327.55,16.94,21.0
2019-12-20,7189.87,187.48,2471.75690923,128.37,3221.22,12.51,1.77,1.73,1334.35,17.035,23.0
2019-12-21,7143.01,186.31,2460.50225254,127.16,3221.22,12.51,1.77,1.73,1334.35,17.035,23.0
2019-12-22,7550.0,197.33,2602.98047465,132.76,3221.22,12.51,1.77,1.73,1334.35,17.035,20.0
2019-12-23,7318.18,189.6,2513.75105606,127.91,3224.01,12.61,1.75,1.75,1336.85,17.375,33.0
2019-12-24,7259.87,188.35,2489.42947001,127.64,3223.38,12.67,1.75,1.72,1336.85,17.585,25.0
2019-12-25,7194.76,185.15,2470.18891595,125.0,3223.38,12.67,1.75,1.72,1336.85,17.585,22.0
2019-12-26,7195.0,187.39,2477.49706426,125.38,3239.91,12.65,1.74,1.72,1336.85,17.585,39.0
2019-12-27,7247.35,202.97,2520.39301361,126.11,3240.02,13.43,1.73,1.68,1353.85,17.825,38.0
2019-12-28,7303.7,205.73,2521.24609252,127.84,3240.02,13.43,1.73,1.68,1353.85,17.825,37.0
2019-12-29,7378.53,212.0,2544.9791944000003,134.22,3240.02,13.43,1.73,1.68,1353.85,17.825,37.0
2019-12-30,7191.0,207.27,2507.40969331,130.78,3221.29,14.82,1.75,1.68,1351.91,17.825,40.0
2019-12-31,7158.01,203.72,2476.58219639,128.41,3230.78,13.78,1.77,1.69,1351.91,18.045,38.0
2020-01-01,7174.32,203.62,2490.46167241,130.05,3230.78,13.78,1.77,1.69,1351.91,18.045,37.0
2020-01-02,6945.01,194.92,2399.99308682,126.8,3257.85,12.47,1.8,1.67,1366.91,17.925,39.0
2020-01-03,7335.54,221.52,2538.8107283000004,134.2,3234.85,14.02,1.77,1.59,1387.99,18.21,38.0
2020-01-04,7353.5,224.99,2564.06490071,134.35,3234.85,14.02,1.77,1.59,1387.99,18.21,38.0
2020-01-05,7348.69,222.59,2568.05120228,135.23,3234.85,14.02,1.77,1.59,1387.99,18.21,39.0
2020-01-06,7773.48,244.63,2744.1372923,144.28,3246.28,13.85,1.75,1.61,1406.51,18.44,41.0
2020-01-07,8169.95,242.86,2923.31100545,143.13,3237.18,13.79,1.74,1.62,1406.52,18.145,40.0
2020-01-08,8035.08,239.36,2754.04227883,140.54,3253.05,13.45,1.75,1.67,1412.87,18.42,51.0
2020-01-09,7813.78,238.28,2708.53627078,137.74,3274.7,12.54,1.74,1.65,1396.14,17.91,44.0
2020-01-10,8183.89,270.46,2841.71995211,144.5,3265.35,12.56,1.76,1.63,1399.64,17.915,41.0
2020-01-11,8002.89,260.51,2809.18190277,142.29,3265.35,12.56,1.76,1.63,1399.64,17.915,50.0
2020-01-12,8192.66,271.72,2838.34652737,146.85,3265.35,12.56,1.76,1.63,1399.64,17.915,45.0
2020-01-13,8109.62,267.23,2881.49688338,143.51,3288.13,12.32,1.77,1.65,1393.52,17.985,49.0
2020-01-14,8757.18,342.73,3112.55217609,163.66,3283.15,12.39,1.77,1.63,1389.35,17.77,56.0
2020-01-15,8831.86,340.2,3090.8221616,166.56,3289.29,12.42,1.75,1.6,1389.14,17.85,54.0
2020-01-16,8727.22,327.61,3067.08837297,164.59,3316.81,12.32,1.74,1.63,1394.9,18.01,55.0
2020-01-17,8875.81,366.23,3203.5876176999996,169.28,3329.62,12.1,1.75,1.63,1402.93,18.06,54.0
2020-01-18,8901.0,340.21,3186.59433486,173.9,3329.62,12.1,1.75,1.63,1402.93,18.06,51.0
2020-01-19,8710.41,340.78,3071.56890635,167.06,3329.62,12.1,1.75,1.63,1402.93,18.06,53.0
2020-01-20,8633.67,342.41,3061.20520811,166.6,3329.62,12.1,1.75,1.63,1407.72,18.055,48.0
2020-01-21,8730.0,342.84,3102.1816774,169.59,3320.79,12.85,1.74,1.57,1397.26,17.985,49.0
2020-01-22,8665.0,348.85,3071.15941076,167.71,3321.75,12.91,1.72,1.57,1406.04,17.77,52.0
2020-01-23,8386.63,324.72,2980.77309481,162.6,3325.54,12.98,1.7,1.55,1411.77,17.6,49.0
2020-01-24,8424.96,318.0,2936.3570493,162.35,3295.47,14.56,1.68,1.51,1418.04,17.83,40.0
2020-01-25,8304.04,308.0,2942.76944503,159.18,3295.47,14.56,1.68,1.51,1418.04,17.83,41.0
2020-01-26,8632.92,349.0,3082.60161497,167.96,3295.47,14.56,1.68,1.51,1418.04,17.83,42.0
2020-01-27,8903.24,362.02,3221.84118794,169.9,3243.63,18.23,1.63,1.44,1433.94,18.295,50.0
2020-01-28,9417.64,380.93,3313.69235293,176.23,3276.24,16.28,1.65,1.47,1430.77,17.975,54.0
2020-01-29,9270.0,378.65,3286.57209322,172.7,3273.4,16.39,1.64,1.41,1429.95,17.47,57.0
2020-01-30,9493.61,391.81,3384.34921011,184.73,3283.66,15.49,1.64,1.39,1431.31,17.725,57.0
2020-01-31,9343.28,374.58,3349.18097782,179.62,3225.52,18.84,1.65,1.32,1431.96,17.885,55.0
2020-02-01,9375.06,379.44,3331.64284416,183.5,3225.52,18.84,1.65,1.32,1431.96,17.885,57.0
2020-02-02,9314.06,377.0,3381.83628973,188.1,3225.52,18.84,1.65,1.32,1431.96,17.885,57.0
2020-02-03,9282.29,383.55,3357.89992689,189.4,3248.92,17.97,1.63,1.35,1425.46,17.77,59.0
2020-02-04,9158.57,379.57,3314.23965048,188.19,3297.59,16.05,1.64,1.42,1411.09,17.73,56.0
2020-02-05,9623.44,446.0,3466.05244169,204.04,3334.69,15.15,1.66,1.46,1411.79,17.62,53.0
2020-02-06,9765.96,444.83,3564.8226166,213.11,3345.78,14.96,1.67,1.45,1422.45,17.765,61.0
2020-02-07,9804.98,439.4,3569.44900999,223.22,3327.71,15.47,1.66,1.41,1422.45,17.765,56.0
2020-02-08,9911.13,445.01,3643.46366447,223.36,3327.71,15.47,1.66,1.41,1422.45,17.765,56.0
2020-02-09,10174.81,450.21,3719.81708948,228.91,3327.71,15.47,1.66,1.41,1422.45,17.765,56.0
2020-02-10,9854.5,452.48,3571.13177945,223.1,3352.09,15.04,1.66,1.38,1439.64,17.785,57.0
2020-02-11,10279.99,464.38,3814.89233833,238.39,3357.75,15.18,1.65,1.4,1438.26,17.705,52.0
2020-02-12,10344.01,474.42,3878.57060393,265.92,3379.45,13.74,1.66,1.45,1434.54,17.56,61.0
2020-02-13,10239.57,476.58,3816.37139964,268.89,3373.94,14.15,1.67,1.43,1450.94,17.64,65.0
2020-02-14,10380.0,494.61,3895.57047293,286.8,3380.16,13.68,1.66,1.42,1456.79,17.705,63.0
2020-02-15,9901.34,438.61,3707.38908663,264.59,3380.16,13.68,1.66,1.42,1456.79,17.705,64.0
2020-02-16,9915.04,411.83,3648.02208906,259.56,3380.16,13.68,1.66,1.42,1456.79,17.705,59.0
2020-02-17,9711.95,413.69,3608.30419396,268.3,3380.16,13.68,1.66,1.42,1458.29,17.8,49.0
2020-02-18,10191.51,421.19,3779.1945035999997,282.98,3370.29,14.83,1.65,1.39,1470.77,17.885,53.0
2020-02-19,9591.54,376.88,3581.97549699,257.27,3386.15,14.38,1.65,1.41,1486.29,18.345,50.0
2020-02-20,9610.05,371.79,3558.59065334,257.37,3373.23,15.56,1.63,1.37,1496.77,18.385,44.0
2020-02-21,9697.01,377.86,3614.55479861,265.41,3337.75,17.08,1.61,1.3,1515.29,18.56,44.0
2020-02-22,9668.26,373.19,3609.20192359,262.13,3337.75,17.08,1.61,1.3,1515.29,18.56,43.0
2020-02-23,9964.16,402.01,3731.0765685999995,275.34,3337.75,17.08,1.61,1.3,1515.29,18.56,46.0
2020-02-24,9668.08,378.56,3584.00011533,265.99,3225.89,25.03,1.59,1.21,1540.26,18.775,46.0
2020-02-25,9301.01,351.58,3445.96682869,245.2,3128.21,27.85,1.53,1.16,1522.73,18.33,44.0
2020-02-26,8776.01,316.71,3161.4133407,222.53,3116.39,27.56,1.54,1.14,1505.42,18.075,41.0
2020-02-27,8816.71,324.58,3264.03267252,228.18,2978.76,39.16,1.53,1.11,1504.97,18.05,39.0
2020-02-28,8713.16,316.05,3220.53099878,227.64,2954.22,40.11,1.41,0.89,1468.18,17.185,40.0
2020-02-29,8552.08,307.13,3135.80385116,218.57,2954.22,40.11,1.41,0.89,1468.18,17.185,38.0
2020-03-01,8490.3,310.83,3140.41398075,216.7,2954.22,40.11,1.41,0.89,1468.18,17.185,39.0
2020-03-02,8923.52,339.63,3260.81245387,231.89,3090.23,33.42,1.41,0.88,1437.29,16.915,38.0
2020-03-03,8769.67,329.67,3231.73423825,223.77,3003.37,36.82,1.45,0.77,1446.03,16.81,38.0
2020-03-04,8765.0,319.59,3263.58619161,224.9,3130.12,31.99,1.46,0.75,1477.83,17.25,40.0
2020-03-05,9053.56,336.5,3308.03075537,228.21,3023.94,39.62,1.4,0.67,1482.69,17.2,41.0
2020-03-06,9162.98,351.9,3389.73459778,246.5,2972.37,41.94,1.31,0.58,1484.31,17.48,39.0
2020-03-07,8885.68,328.89,3250.64824771,236.61,2972.37,41.94,1.31,0.58,1484.31,17.48,38.0
2020-03-08,8068.0,274.89,2932.42152278,202.43,2972.37,41.94,1.31,0.58,1484.31,17.48,33.0
2020-03-09,7945.03,273.7,2907.59054972,203.59,2746.56,54.46,0.99,0.46,1462.1,16.885,17.0
2020-03-10,7887.01,271.4,2891.09806019,200.65,2882.23,47.3,1.0,0.63,1455.86,17.07,16.0
2020-03-11,7957.02,267.28,2889.20740657,195.13,2741.38,53.9,0.96,0.66,1462.25,17.02,17.0
2020-03-12,4980.0,149.8,1748.04057853,111.04,2480.64,75.47,0.92,0.66,1410.96,16.525,14.0
2020-03-13,5592.77,179.27,2049.67248499,134.69,2711.02,57.83,0.9,0.7,1407.3,15.77,10.0
2020-03-14,5182.62,167.18,1873.95733089,122.56,2711.02,57.83,0.9,0.7,1407.3,15.77,8.0
2020-03-15,5327.12,177.36,1935.72446745,123.02,2711.02,57.83,0.9,0.7,1407.3,15.77,12.0
2020-03-16,5074.2,174.07,1815.95587762,111.97,2386.13,82.69,0.73,0.49,1338.93,12.965,9.0
2020-03-17,5361.77,184.55,1916.82258617,116.59,2529.19,75.91,0.63,0.66,1400.4,12.44,8.0
2020-03-18,5426.71,185.46,1949.06867064,119.15,2398.1,76.45,0.63,0.79,1378.04,12.42,11.0
2020-03-19,6219.99,222.51,2230.53748522,137.43,2409.39,72.0,0.5,0.66,1365.89,12.005,12.0
2020-03-20,6215.4,214.71,2226.96152836,133.51,2304.92,66.04,0.75,0.52,1391.59,12.63,9.0
2020-03-21,6168.72,219.1,2226.48024506,132.1,2304.92,66.04,0.75,0.52,1391.59,12.63,9.0
2020-03-22,5791.69,201.5,2083.22467626,121.85,2304.92,66.04,0.75,0.52,1391.59,12.63,11.0
2020-03-23,6583.38,224.47,2322.76546536,137.28,2237.4,61.59,0.8,0.38,1411.0,12.51,10.0
2020-03-24,6742.21,227.66,2413.21806647,138.68,2447.33,61.67,0.97,0.52,1489.49,13.625,12.0
2020-03-25,6752.83,222.38,2381.78218168,137.1,2475.56,63.95,1.07,0.56,1486.17,13.965,13.0
2020-03-26,6772.2,228.92,2411.36519424,139.24,2630.07,61.0,1.07,0.51,1487.01,14.415,14.0
2020-03-27,6320.46,210.75,2274.34307263,130.07,2541.47,65.54,0.94,0.41,1469.48,14.315,12.0
2020-03-28,6269.81,215.03,2238.77914786,131.86,2541.47,65.54,0.94,0.41,1469.48,14.315,8.0
2020-03-29,5897.55,205.56,2108.72596433,124.83,2541.47,65.54,0.94,0.41,1469.48,14.315,12.0
2020-03-30,6401.26,220.0,2289.43448096,132.15,2626.65,57.08,0.95,0.39,1466.02,14.055,10.0
2020-03-31,6434.73,219.57,2296.37533274,133.29,2584.59,53.54,0.87,0.37,1468.81,13.93,12.0
2020-04-01,6719.39,225.62,2376.61596111,137.66,2470.5,57.06,0.91,0.37,1442.86,14.015,12.0
2020-04-02,6789.84,231.6,2431.60851825,141.07,2526.9,50.91,1.03,0.39,1489.72,14.175,14.0
2020-04-03,6727.99,235.74,2415.30168168,141.15,2488.65,46.8,1.08,0.39,1495.34,14.39,14.0
2020-04-04,6896.6,239.27,2461.97861963,145.0,2488.65,46.8,1.08,0.39,1495.34,14.39,12.0
2020-04-05,6779.75,231.25,2427.22048592,142.89,2488.65,46.8,1.08,0.39,1495.34,14.39,12.0
2020-04-06,7320.07,257.91,2665.18787181,171.01,2663.68,45.24,1.14,0.44,1526.66,14.555,12.0
2020-04-07,7204.58,252.64,2607.64853448,164.64,2659.41,46.7,1.17,0.48,1511.21,15.075,20.0
2020-04-08,7343.65,266.35,2682.78953892,172.75,2749.98,43.35,1.19,0.47,1514.0,15.065,21.0
2020-04-09,7294.69,256.4,2651.29928935,169.8,2789.82,41.67,1.23,0.41,1538.13,15.175,22.0
2020-04-10,6892.54,233.98,2489.96778376,158.91,2789.82,41.67,1.23,0.41,1538.13,15.175,15.0
2020-04-11,6891.43,233.49,2496.6161457,158.69,2789.82,41.67,1.23,0.41,1538.13,15.175,15.0
2020-04-12,6860.97,232.1,2502.44901829,157.75,2789.82,41.67,1.23,0.41,1538.13,15.175,10.0
2020-04-13,6871.0,224.47,2480.88480209,157.36,2761.63,41.17,1.26,0.44,1538.13,15.175,11.0
2020-04-14,6865.72,222.69,2489.29307432,157.95,2846.06,37.76,1.29,0.42,1588.26,15.51,15.0
2020-04-15,6576.76,213.15,2397.65678021,151.38,2783.36,40.84,1.19,0.34,1580.99,15.57,18.0
2020-04-16,7123.29,235.5,2592.41686391,172.87,2799.55,40.11,1.03,0.35,1589.06,15.5,13.0
2020-04-17,7055.22,233.07,2566.14594245,171.85,2874.56,38.15,1.01,0.36,1555.79,15.16,15.0
2020-04-18,7271.53,244.46,2672.00427719,188.62,2874.56,38.15,1.01,0.36,1555.79,15.16,18.0
2020-04-19,7125.31,231.78,2614.24677247,180.1,2874.56,38.15,1.01,0.36,1555.79,15.16,16.0
2020-04-20,6832.57,218.91,2500.65787074,170.16,2823.16,43.83,0.94,0.35,1551.98,15.15,15.0
2020-04-21,6845.0,219.4,2507.30543904,170.63,2736.56,45.41,0.96,0.34,1547.82,14.97,17.0
2020-04-22,7143.99,233.61,2621.45829947,183.3,2799.31,41.98,1.06,0.37,1576.44,14.91,19.0
2020-04-23,7479.06,237.23,2734.5262763,185.31,2797.8,41.38,1.05,0.37,1608.64,15.305,19.0
2020-04-24,7514.64,238.16,2748.69483553,187.55,2836.74,35.93,1.11,0.36,1589.09,15.315,20.0
2020-04-25,7535.69,237.82,2771.56470756,194.14,2836.74,35.93,1.11,0.36,1589.09,15.315,24.0
2020-04-26,7765.79,247.55,2829.75767358,198.63,2836.74,35.93,1.11,0.36,1589.09,15.315,21.0
2020-04-27,7773.0,243.02,2851.56535978,196.59,2878.48,33.29,1.17,0.41,1581.18,15.205,28.0
2020-04-28,7774.39,242.37,2842.4666369,197.49,2863.39,33.57,1.14,0.37,1559.27,15.145,26.0
2020-04-29,8789.1,257.51,3199.33553708,215.27,2939.51,31.23,1.14,0.36,1568.1,15.165,26.0
2020-04-30,8652.3,250.75,3124.64239134,206.88,2912.43,34.15,1.07,0.36,1568.91,15.335,44.0
2020-05-01,8813.9,254.37,3200.69723975,211.39,2830.71,37.19,1.06,0.36,1536.68,14.845,40.0
2020-05-02,8992.0,261.26,3258.02792898,214.23,2830.71,37.19,1.06,0.36,1536.68,14.845,40.0
2020-05-03,8917.63,252.17,3222.91292695,210.13,2830.71,37.19,1.06,0.36,1536.68,14.845,45.0
2020-05-04,8900.29,246.34,3205.95962846,207.22,2842.74,35.97,1.07,0.36,1563.83,14.93,44.0
2020-05-05,9037.69,247.47,3246.91949333,205.79,2868.44,33.61,1.1,0.36,1562.91,14.75,40.0
2020-05-06,9132.24,241.13,3269.32367049,198.29,2848.42,34.12,1.1,0.37,1564.13,15.075,42.0
2020-05-07,10007.56,252.53,3557.12508311,212.69,2881.19,31.44,1.08,0.29,1582.38,14.98,49.0
2020-05-08,9790.23,260.61,3503.80415149,211.65,2929.8,27.98,1.12,0.33,1582.38,14.98,55.0
2020-05-09,9554.91,265.68,3419.38571624,209.95,2929.8,27.98,1.12,0.33,1582.38,14.98,56.0
2020-05-10,8773.89,233.96,3117.70231271,188.62,2929.8,27.98,1.12,0.33,1582.38,14.98,48.0
2020-05-11,8557.37,235.65,3065.68584773,185.79,2930.32,27.57,1.13,0.36,1571.81,15.445,40.0
2020-05-12,8809.14,233.27,3150.1302903,189.56,2870.12,33.04,1.09,0.34,1565.87,15.485,39.0
2020-05-13,9335.84,240.05,3321.69946155,200.16,2820.0,35.28,1.07,0.31,1573.09,15.56,41.0
2020-05-14,9815.22,242.85,3472.14095777,203.86,2852.5,32.61,1.06,0.31,1603.98,15.53,40.0
2020-05-15,9331.18,234.98,3308.07464833,194.72,2863.7,31.89,1.09,0.31,1602.6,16.25,44.0
2020-05-16,9353.26,236.0,3342.37608901,199.92,2863.7,31.89,1.09,0.31,1602.6,16.25,41.0
2020-05-17,9700.33,240.44,3445.3722864,207.26,2863.7,31.89,1.09,0.31,1602.6,16.25,40.0
2020-05-18,9733.21,248.24,3480.34279923,214.89,2953.91,29.3,1.17,0.38,1597.66,17.35,50.0
2020-05-19,9783.91,246.48,3496.930179,214.41,2922.94,30.53,1.15,0.35,1589.01,17.12,50.0
2020-05-20,9497.76,239.46,3401.55062245,209.71,2971.61,27.99,1.16,0.34,1591.65,17.47,52.0
2020-05-21,9039.12,227.76,3239.13718167,198.1,2948.51,29.53,1.14,0.35,1571.04,17.205,49.0
2020-05-22,9173.23,234.79,3293.09565771,207.59,2955.45,28.16,1.12,0.34,1590.71,17.0,42.0
2020-05-23,9166.02,234.09,3295.10129265,206.38,2955.45,28.16,1.12,0.34,1590.71,17.0,40.0
2020-05-24,8673.64,222.63,3135.63957547,199.31,2955.45,28.16,1.12,0.34,1590.71,17.0,43.0
2020-05-25,8892.39,230.11,3203.95911335,203.97,2955.45,28.16,1.12,0.34,1590.71,17.0,41.0
2020-05-26,8836.77,227.55,3180.2729706,201.04,2991.77,28.01,1.13,0.35,1566.63,17.3,39.0
2020-05-27,9200.0,232.85,3180.2729706,208.16,3036.13,27.62,1.14,0.34,1541.92,17.19,39.0
2020-05-28,9593.72,240.12,3180.2729706,221.45,3029.73,28.59,1.18,0.34,1556.61,17.34,41.0
2020-05-29,9426.87,238.76,3180.2729706,220.98,3044.31,27.51,1.15,0.3,1554.97,17.59,48.0
2020-05-30,9684.6,252.35,3180.2729706,243.41,3044.31,27.51,1.15,0.3,1554.97,17.59,48.0
2020-05-31,9435.8,238.03,3180.2729706,230.76,3044.31,27.51,1.15,0.3,1554.97,17.59,51.0
2020-06-01,10212.38,253.93,3180.2729706,248.68,3055.73,28.23,1.18,0.31,1556.16,18.16,50.0
2020-06-02,9509.35,250.65,3180.2729706,237.36,3080.82,26.84,1.18,0.32,1556.44,18.27,56.0
2020-06-03,9672.67,253.27,3180.2729706,244.76,3122.87,25.66,1.21,0.38,1519.81,17.86,48.0
2020-06-04,9799.57,256.24,3180.2729706,243.23,3112.35,25.81,1.22,0.4,1507.77,17.75,54.0
2020-06-05,9568.95,254.88,3180.2729706,239.09,3193.93,24.52,1.27,0.47,1490.53,17.58,53.0
2020-06-06,9665.36,252.98,3180.2729706,241.82,3193.93,24.52,1.27,0.47,1490.53,17.58,54.0
2020-06-07,9764.0,254.1,3180.2729706,245.18,3193.93,24.52,1.27,0.47,1490.53,17.58,54.0
2020-06-08,9833.94,256.0,3180.2729706,247.76,3232.39,25.81,1.28,0.45,1494.61,17.63,53.0
2020-06-09,9778.6,254.15,3180.2729706,244.13,3207.18,27.57,1.26,0.4,1510.62,17.63,52.0
2020-06-10,9899.18,257.33,3180.2729706,248.41,3190.14,27.57,1.27,0.33,1515.23,17.715,54.0
2020-06-11,9258.7,234.4,3180.2729706,229.65,3002.1,40.79,1.21,0.32,1528.1,17.875,52.0
2020-06-12,9466.77,240.61,3180.2729706,237.75,3041.31,36.09,1.21,0.33,1534.15,17.625,38.0
2020-06-13,9477.17,240.7,3180.2729706,238.07,3041.31,36.09,1.21,0.33,1534.15,17.625,38.0
2020-06-14,9315.71,237.17,3180.2729706,231.0,3041.31,36.09,1.21,0.33,1534.15,17.625,40.0
2020-06-15,9437.23,235.77,3180.2729706,231.05,3066.59,34.4,1.23,0.33,1516.83,17.085,37.0
2020-06-16,9534.8,237.49,3180.2729706,235.54,3124.74,33.67,1.27,0.34,1526.54,17.41,39.0
2020-06-17,9460.53,240.17,3180.2729706,233.64,3113.49,33.47,1.26,0.34,1537.26,17.47,38.0
2020-06-18,9368.15,235.67,3180.2729706,230.85,3115.34,32.94,1.28,0.34,1532.93,17.615,40.0
2020-06-19,9285.54,232.93,3180.2729706,228.49,3097.74,35.12,1.3,0.33,1545.49,17.525,39.0
2020-06-20,9361.81,232.72,3180.2729706,228.91,3097.74,35.12,1.3,0.33,1545.49,17.525,38.0
2020-06-21,9279.68,229.83,3180.2729706,227.54,3097.74,35.12,1.3,0.33,1545.49,17.525,37.0
2020-06-22,9700.91,241.14,3180.2729706,243.67,3117.86,31.77,1.34,0.34,1567.17,17.86,38.0
2020-06-23,9623.74,240.27,3180.2729706,243.3,3131.29,31.37,1.38,0.33,1560.7,17.81,41.0
2020-06-24,9284.1,232.41,3180.2729706,234.58,3050.33,33.84,1.33,0.33,1567.55,17.855,50.0
2020-06-25,9232.84,231.83,3180.2729706,232.01,3083.76,32.22,1.33,0.32,1565.79,17.53,43.0
2020-06-26,9157.22,230.12,3180.2729706,229.53,3009.05,34.73,1.32,0.3,1559.91,17.83,40.0
2020-06-27,9001.24,216.32,3180.2729706,220.34,3009.05,34.73,1.32,0.3,1559.91,17.83,43.0
2020-06-28,9122.56,222.55,3180.2729706,225.05,3009.05,34.73,1.32,0.3,1559.91,17.83,40.0
2020-06-29,9191.05,225.34,3180.2729706,228.28,3053.24,31.78,1.34,0.28,1573.54,17.905,41.0
2020-06-30,9129.47,222.03,3180.2729706,225.24,3100.29,30.43,1.34,0.29,1577.32,17.845,44.0
2020-07-01,9239.09,223.45,3180.2729706,231.13,3115.86,28.62,1.37,0.31,1574.82,18.22,42.0
2020-07-02,9088.54,219.67,3180.2729706,226.39,3130.01,27.68,1.41,0.29,1577.13,17.925,42.0
2020-07-03,9050.05,220.5,3180.2729706,224.81,3130.01,27.68,1.41,0.29,1577.7,18.02,41.0
2020-07-04,9138.22,225.37,3180.2729706,229.31,3130.01,27.68,1.41,0.29,1577.7,18.02,40.0
2020-07-05,9088.52,222.77,3180.2729706,228.12,3130.01,27.68,1.41,0.29,1577.7,18.02,38.0
2020-07-06,9331.69,242.1,3180.2729706,241.49,3179.72,27.94,1.45,0.31,1578.36,18.255,40.0
2020-07-07,9263.56,238.05,3180.2729706,239.68,3145.32,29.43,1.43,0.29,1585.0,18.02,43.0
2020-07-08,9436.01,243.05,3180.2729706,246.89,3169.94,28.08,1.42,0.3,1598.48,18.485,44.0
2020-07-09,9230.48,238.18,3180.2729706,242.09,3152.05,29.26,1.39,0.28,1600.08,18.835,44.0
2020-07-10,9298.16,238.61,3180.2729706,241.42,3185.04,27.29,1.41,0.3,1594.84,18.77,41.0
2020-07-11,9235.0,236.65,3180.2729706,239.4,3185.04,27.29,1.41,0.3,1594.84,18.77,44.0
2020-07-12,9313.77,237.72,3180.2729706,243.2,3185.04,27.29,1.41,0.3,1594.84,18.77,41.0
2020-07-13,9230.14,231.73,3180.2729706,239.21,3155.22,32.19,1.42,0.3,1591.68,19.095,43.0
2020-07-14,9258.34,229.92,3180.2729706,240.44,3197.52,29.52,1.41,0.28,1581.71,18.895,43.0
2020-07-15,9194.51,227.24,3180.2729706,238.36,3226.56,27.76,1.41,0.28,1579.57,19.33,44.0
2020-07-16,9130.91,224.17,3180.2729706,233.54,3215.57,28.0,1.41,0.28,1581.56,19.245,43.0
2020-07-17,9147.65,222.41,3180.2729706,232.59,3224.73,25.68,1.46,0.29,1581.07,19.16,41.0
2020-07-18,9174.6,224.25,3180.2729706,235.66,3224.73,25.68,1.46,0.29,1581.07,19.16,44.0
2020-07-19,9221.71,228.17,3180.2729706,239.66,3224.73,25.68,1.46,0.29,1581.07,19.16,41.0
2020-07-20,9161.13,222.51,3180.2729706,235.98,3251.84,24.46,1.46,0.29,1590.87,19.44,44.0
2020-07-21,9396.65,230.44,3180.2729706,245.76,3257.3,24.84,1.48,0.27,1608.36,20.555,44.0
2020-07-22,9546.31,240.35,3180.2729706,264.6,3276.02,24.32,1.48,0.27,1598.44,22.245,50.0
2020-07-23,9612.05,238.55,3180.2729706,275.25,3235.66,26.08,1.49,0.27,1621.54,22.86,55.0
2020-07-24,9553.41,235.86,3180.2729706,280.07,3215.63,25.84,1.51,0.27,1638.09,22.475,53.0
2020-07-25,9709.02,250.7,3180.2729706,305.2,3215.63,25.84,1.51,0.27,1638.09,22.475,55.0
2020-07-26,9944.58,247.93,3180.2729706,311.8,3215.63,25.84,1.51,0.27,1638.09,22.475,55.0
2020-07-27,11108.44,269.78,3180.2729706,323.98,3239.41,24.74,1.52,0.3,1647.7,24.375,58.0
2020-07-28,10952.85,290.24,3180.2729706,318.44,3218.44,25.44,1.51,0.26,1654.23,23.545,76.0
2020-07-29,11100.39,287.53,3180.2729706,317.82,3258.44,24.1,1.53,0.25,1659.24,24.335,71.0
2020-07-30,11139.67,292.92,3180.2729706,336.57,3246.22,24.76,1.52,0.23,1662.44,23.16,76.0
2020-07-31,11372.76,302.0,3180.2729706,347.25,3271.12,24.46,1.55,0.21,1661.72,24.07,75.0
2020-08-01,11805.82,319.62,3180.2729706,387.63,3271.12,24.46,1.55,0.21,1661.72,24.07,75.0
2020-08-02,11050.03,283.63,3180.2729706,372.29,3271.12,24.46,1.55,0.21,1661.72,24.07,80.0
2020-08-03,11235.44,297.63,3180.2729706,386.68,3294.61,24.28,1.58,0.22,1670.45,24.23,75.0
2020-08-04,11198.04,288.46,3180.2729706,390.23,3306.51,23.76,1.57,0.19,1686.56,24.33,72.0
2020-08-05,11737.59,292.93,3180.2729706,400.55,3327.77,22.99,1.61,0.22,1722.9,26.945,75.0
2020-08-06,11766.62,309.0,3180.2729706,394.95,3349.16,22.65,1.63,0.21,1743.43,27.885,79.0
2020-08-07,11598.96,302.31,3180.2729706,379.12,3351.28,22.21,1.61,0.23,1726.88,28.33,77.0
2020-08-08,11780.14,305.85,3180.2729706,400.0,3351.28,22.21,1.61,0.23,1726.88,28.33,77.0
2020-08-09,11692.76,300.2,3180.2729706,391.08,3351.28,22.21,1.61,0.23,1726.88,28.33,79.0
2020-08-10,11896.19,302.42,3180.2729706,396.0,3360.47,22.13,1.61,0.24,1734.96,28.27,78.0
2020-08-11,11387.01,281.42,3180.2729706,378.45,3333.69,24.03,1.63,0.27,1646.76,28.28,84.0
2020-08-12,11563.16,284.25,3180.2729706,386.66,3380.35,22.28,1.67,0.3,1640.57,25.81,75.0
2020-08-13,11824.99,297.06,3180.2729706,426.65,3373.43,22.13,1.67,0.32,1640.17,26.25,75.0
2020-08-14,11785.29,294.26,3180.2729706,439.26,3372.85,22.05,1.65,0.29,1643.31,26.705,78.0
2020-08-15,11854.27,302.6,3180.2729706,432.78,3372.85,22.05,1.65,0.29,1643.31,26.705,79.0
2020-08-16,11924.0,308.79,3180.2729706,434.53,3372.85,22.05,1.65,0.29,1643.31,26.705,82.0
2020-08-17,12325.1,318.07,3180.2729706,431.42,3381.99,21.35,1.66,0.29,1661.53,26.915,83.0
2020-08-18,11983.52,304.5,3180.2729706,423.95,3389.78,21.51,1.68,0.27,1680.52,28.325,82.0
2020-08-19,11764.8,293.83,3180.2729706,408.66,3374.85,22.54,1.67,0.29,1658.3,27.44,80.0
2020-08-20,11856.24,294.27,3180.2729706,416.19,3385.51,22.72,1.62,0.26,1629.6,26.915,75.0
2020-08-21,11526.32,282.88,3180.2729706,387.76,3397.16,22.54,1.64,0.27,1637.04,26.915,81.0
2020-08-22,11675.78,287.0,3180.2729706,395.9,3397.16,22.54,1.64,0.27,1637.04,26.915,78.0
2020-08-23,11650.03,284.75,3180.2729706,390.8,3397.16,22.54,1.64,0.27,1637.04,26.915,76.0
2020-08-24,11762.34,290.78,3180.2729706,408.47,3431.28,22.37,1.67,0.28,1643.61,26.885,78.0
2020-08-25,11324.86,275.78,3180.2729706,382.77,3443.62,22.03,1.7,0.3,1616.26,26.495,75.0
2020-08-26,11460.01,275.2,3180.2729706,386.34,3478.73,23.27,1.72,0.28,1636.05,26.395,76.0
2020-08-27,11341.73,264.73,3180.2729706,383.56,3484.55,24.47,1.73,0.31,1632.39,27.245,75.0
2020-08-28,11540.0,268.68,3180.2729706,395.57,3508.01,22.96,1.77,0.28,1647.31,27.35,74.0
2020-08-29,11468.56,268.5,3180.2729706,398.52,3508.01,22.96,1.77,0.28,1647.31,27.35,79.0
2020-08-30,11724.99,279.0,3180.2729706,429.37,3508.01,22.96,1.77,0.28,1647.31,27.35,75.0
2020-08-31,11665.93,273.98,3180.2729706,434.79,3500.31,26.41,1.8,0.28,1647.31,27.35,75.0
2020-09-01,11911.74,292.74,3180.2729706,476.15,3526.65,26.12,1.76,0.26,1651.45,28.885,75.0
2020-09-02,11390.12,264.2,3180.2729706,439.59,3580.84,26.57,1.73,0.26,1645.45,27.705,83.0
2020-09-03,10225.82,226.85,3180.2729706,383.38,3455.06,33.6,1.65,0.24,1637.74,26.9,79.0
2020-09-04,10225.82,226.85,3180.2729706,383.38,3426.96,33.6,1.7,0.24,1633.12,26.815,40.0
